AvgSpotLen	BioSample	Experiment	Library_Name	MBases	MBytes	Run	SRA_Sample	Sample_Name	collection_date	conduc	lat_lon	nitrate	ph	suspend_part_matter	tot_diss_nitro	Assay_Type	BioProject	BioSampleModel	Center_Name	Consent	DATASTORE_filetype	DATASTORE_provider	InsertSize	Instrument	LibraryLayout	LibrarySelection	LibrarySource	LoadDate	Organism	Platform	ReleaseDate	SRA_Study	depth	env_biome	env_feature	env_material	geo_loc_name	samp_collect_device	samp_store_temp
501	SAMN05182241	SRX1805024	BICO101_SP13	126	87	SRR3597985	SRS1470846	BICO101_SP13	20-Apr-2013	86.2	33.8556 N 83.3266 W	0.8 mg/l	7.4	15 NTU	89.51 uM	AMPLICON	PRJNA323602	MIMARKS.survey	UNIVERSITY OF GEORGIA	public	sra	ncbi	0	Illumina MiSeq	PAIRED	PCR	METAGENOMIC	2016-05-28	freshwater metagenome	ILLUMINA	2016-05-31	SRP075852	0.13 -0.35m	fresh water	stream	water	USA: Upper Oconnee Watershed, Georgia	filtration	-80C
502	SAMN05182242	SRX1805025	BICO301_SP13	50	34	SRR3597986	SRS1470847	BICO301_SP13	20-Apr-2013	70.3	33.924095 N 83.320794 W	0.8 mg/l	7.2	4.37 NTU	70.1 uM	AMPLICON	PRJNA323602	MIMARKS.survey	UNIVERSITY OF GEORGIA	public	sra	ncbi	0	Illumina MiSeq	PAIRED	PCR	METAGENOMIC	2016-05-28	freshwater metagenome	ILLUMINA	2016-05-31	SRP075852	0.13 -0.35m	fresh water	stream	water	USA: Upper Oconnee Watershed, Georgia	filtration	-80C
502	SAMN05182251	SRX1805026	MIDO604_SP13	153	105	SRR3597987	SRS1470849	MIDO604_SP13	20-Apr-2013	61.5	33.9232 N 83.441 W	0.1 mg/l	7.5	22.3 NTU	36.29 uM	AMPLICON	PRJNA323602	MIMARKS.survey	UNIVERSITY OF GEORGIA	public	sra	ncbi	0	Illumina MiSeq	PAIRED	PCR	METAGENOMIC	2016-05-28	freshwater metagenome	ILLUMINA	2016-05-31	SRP075852	0.13 -0.35m	fresh water	stream	water	USA: Upper Oconnee Watershed, Georgia	filtration	-80C
501	SAMN05182341	SRX1805027	MIDO609_FA13	51	35	SRR3597988	SRS1470848	MIDO609_FA13	03-Oct-2013	54	33.9301 N 83.5517 W	1.2 mg/l	6.2	5.9 NTU	24.3 uM	AMPLICON	PRJNA323602	MIMARKS.survey	UNIVERSITY OF GEORGIA	public	sra	ncbi	0	Illumina MiSeq	PAIRED	PCR	METAGENOMIC	2016-05-28	freshwater metagenome	ILLUMINA	2016-05-31	SRP075852	0.13 -0.35m	fresh water	stream	water	USA: Upper Oconnee Watershed, Georgia	filtration	-80C
501	SAMN05182342	SRX1805028	MIDO611_FA13	60	42	SRR3597989	SRS1470850	MIDO611_FA13	03-Oct-2013	60	33.9313 N 83.5086 W	0.2 mg/l	6.4	22 NTU	26.63 uM	AMPLICON	PRJNA323602	MIMARKS.survey	UNIVERSITY OF GEORGIA	public	sra	ncbi	0	Illumina MiSeq	PAIRED	PCR	METAGENOMIC	2016-05-28	freshwater metagenome	ILLUMINA	2016-05-31	SRP075852	0.13 -0.35m	fresh water	stream	water	USA: Upper Oconnee Watershed, Georgia	filtration	-80C
501	SAMN05182343	SRX1805029	MIDO613_FA13	62	43	SRR3597990	SRS1470851	MIDO613_FA13	03-Oct-2013	66	33.9255 N 83.5226 W	NA	6.4	28.5 NTU	47.59 uM	AMPLICON	PRJNA323602	MIMARKS.survey	UNIVERSITY OF GEORGIA	public	sra	ncbi	0	Illumina MiSeq	PAIRED	PCR	METAGENOMIC	2016-05-28	freshwater metagenome	ILLUMINA	2016-05-31	SRP075852	0.13 -0.35m	fresh water	stream	water	USA: Upper Oconnee Watershed, Georgia	filtration	-80C
501	SAMN05182344	SRX1805030	MIDO614_FA13	62	42	SRR3597991	SRS1470852	MIDO614_FA13	03-Oct-2013	65	33.9132 N 83.4034 W	NA	6.8	11.6 NTU	35.58 uM	AMPLICON	PRJNA323602	MIMARKS.survey	UNIVERSITY OF GEORGIA	public	sra	ncbi	0	Illumina MiSeq	PAIRED	PCR	METAGENOMIC	2016-05-28	freshwater metagenome	ILLUMINA	2016-05-31	SRP075852	0.13 -0.35m	fresh water	stream	water	USA: Upper Oconnee Watershed, Georgia	filtration	-80C
501	SAMN05182345	SRX1805031	MIDO617_FA13	63	43	SRR3597992	SRS1470853	MIDO617_FA13	03-Oct-2013	81	33.9339 N 83.5459 W	NA	6.3	55 NTU	33.94 uM	AMPLICON	PRJNA323602	MIMARKS.survey	UNIVERSITY OF GEORGIA	public	sra	ncbi	0	Illumina MiSeq	PAIRED	PCR	METAGENOMIC	2016-05-28	freshwater metagenome	ILLUMINA	2016-05-31	SRP075852	0.13 -0.35m	fresh water	stream	water	USA: Upper Oconnee Watershed, Georgia	filtration	-80C
501	SAMN05182346	SRX1805032	MIDO704_FA13	9	6	SRR3597993	SRS1470854	MIDO704_FA13	03-Oct-2013	106	33.903 N 83.3797 W	5 mg/l	6.1	8.5 NTU	432.8 uM	AMPLICON	PRJNA323602	MIMARKS.survey	UNIVERSITY OF GEORGIA	public	sra	ncbi	0	Illumina MiSeq	PAIRED	PCR	METAGENOMIC	2016-05-28	freshwater metagenome	ILLUMINA	2016-05-31	SRP075852	0.13 -0.35m	fresh water	stream	water	USA: Upper Oconnee Watershed, Georgia	filtration	-80C
501	SAMN05182347	SRX1805033	MIDO801_FA13	84	58	SRR3597994	SRS1470855	MIDO801_FA13	03-Oct-2013	82	33.9576 N 83.438 W	1 mg/l	6.4	9.1 NTU	71.12 uM	AMPLICON	PRJNA323602	MIMARKS.survey	UNIVERSITY OF GEORGIA	public	sra	ncbi	0	Illumina MiSeq	PAIRED	PCR	METAGENOMIC	2016-05-28	freshwater metagenome	ILLUMINA	2016-05-31	SRP075852	0.13 -0.35m	fresh water	stream	water	USA: Upper Oconnee Watershed, Georgia	filtration	-80C
501	SAMN05182348	SRX1805034	MIDO802_FA13	59	41	SRR3597995	SRS1470856	MIDO802_FA13	03-Oct-2013	65	33.958 N 83.4368 W	NA	4.6	6.3 NTU	50.72 uM	AMPLICON	PRJNA323602	MIMARKS.survey	UNIVERSITY OF GEORGIA	public	sra	ncbi	0	Illumina MiSeq	PAIRED	PCR	METAGENOMIC	2016-05-28	freshwater metagenome	ILLUMINA	2016-05-31	SRP075852	0.13 -0.35m	fresh water	stream	water	USA: Upper Oconnee Watershed, Georgia	filtration	-80C
501	SAMN05182349	SRX1805035	NORO109_FA13	64	43	SRR3597996	SRS1470857	NORO109_FA13	03-Oct-2013	36	34.029 N 83.4744 W	NA	5.7	5.4 NTU	17.56 uM	AMPLICON	PRJNA323602	MIMARKS.survey	UNIVERSITY OF GEORGIA	public	sra	ncbi	0	Illumina MiSeq	PAIRED	PCR	METAGENOMIC	2016-05-28	freshwater metagenome	ILLUMINA	2016-05-31	SRP075852	0.13 -0.35m	fresh water	stream	water	USA: Upper Oconnee Watershed, Georgia	filtration	-80C
501	SAMN05182350	SRX1805036	NORO503_FA13	70	48	SRR3597997	SRS1470858	NORO503_FA13	03-Oct-2013	82	33.9545 N 83.3659 W	0.6 mg/l	6.7	14.9 NTU	37.48 uM	AMPLICON	PRJNA323602	MIMARKS.survey	UNIVERSITY OF GEORGIA	public	sra	ncbi	0	Illumina MiSeq	PAIRED	PCR	METAGENOMIC	2016-05-28	freshwater metagenome	ILLUMINA	2016-05-31	SRP075852	0.13 -0.35m	fresh water	stream	water	USA: Upper Oconnee Watershed, Georgia	filtration	-80C
502	SAMN05182252	SRX1805037	MIDO608_SP13	109	75	SRR3597998	SRS1470859	MIDO608_SP13	20-Apr-2013	57.7	33.9267 N 83.4612 W	0.9 mg/l	7.6	22.2 NTU	41.51 uM	AMPLICON	PRJNA323602	MIMARKS.survey	UNIVERSITY OF GEORGIA	public	sra	ncbi	0	Illumina MiSeq	PAIRED	PCR	METAGENOMIC	2016-05-28	freshwater metagenome	ILLUMINA	2016-05-31	SRP075852	0.13 -0.35m	fresh water	stream	water	USA: Upper Oconnee Watershed, Georgia	filtration	-80C
501	SAMN05182351	SRX1805038	NORO514_FA13	14	9	SRR3597999	SRS1470861	NORO514_FA13	03-Oct-2013	70	33.974 N 83.3524 W	0.8 mg/l	7	9.3 NTU	43.24 uM	AMPLICON	PRJNA323602	MIMARKS.survey	UNIVERSITY OF GEORGIA	public	sra	ncbi	0	Illumina MiSeq	PAIRED	PCR	METAGENOMIC	2016-05-28	freshwater metagenome	ILLUMINA	2016-05-31	SRP075852	0.13 -0.35m	fresh water	stream	water	USA: Upper Oconnee Watershed, Georgia	filtration	-80C
501	SAMN05182352	SRX1805039	NORO520_FA13	106	73	SRR3598000	SRS1470860	NORO520_FA13	03-Oct-2013	190	33.9764 N 83.3899 W	1.3 mg/l	6.6	4.8 NTU	114.69 uM	AMPLICON	PRJNA323602	MIMARKS.survey	UNIVERSITY OF GEORGIA	public	sra	ncbi	0	Illumina MiSeq	PAIRED	PCR	METAGENOMIC	2016-05-28	freshwater metagenome	ILLUMINA	2016-05-31	SRP075852	0.13 -0.35m	fresh water	stream	water	USA: Upper Oconnee Watershed, Georgia	filtration	-80C
501	SAMN05182354	SRX1805041	NORO610_FA13	46	32	SRR3598002	SRS1470864	NORO610_FA13	03-Oct-2013	80	33.9522 N 83.3687 W	0.5 mg/l	6.7	18.1 NTU	42.48 uM	AMPLICON	PRJNA323602	MIMARKS.survey	UNIVERSITY OF GEORGIA	public	sra	ncbi	0	Illumina MiSeq	PAIRED	PCR	METAGENOMIC	2016-05-28	freshwater metagenome	ILLUMINA	2016-05-31	SRP075852	0.13 -0.35m	fresh water	stream	water	USA: Upper Oconnee Watershed, Georgia	filtration	-80C
501	SAMN05182355	SRX1805042	NORO615_FA13	43	30	SRR3598003	SRS1470863	NORO615_FA13	03-Oct-2013	187	33.8904 N 83.3534 W	2.7 mg/l	6.5	1.6 NTU	237.31 uM	AMPLICON	PRJNA323602	MIMARKS.survey	UNIVERSITY OF GEORGIA	public	sra	ncbi	0	Illumina MiSeq	PAIRED	PCR	METAGENOMIC	2016-05-28	freshwater metagenome	ILLUMINA	2016-05-31	SRP075852	0.13 -0.35m	fresh water	stream	water	USA: Upper Oconnee Watershed, Georgia	filtration	-80C
501	SAMN05182357	SRX1805044	NORO627_FA13	48	33	SRR3598005	SRS1470866	NORO627_FA13	03-Oct-2013	208	33.9297 N 83.3432 W	1.7 mg/l	6.4	3.8 NTU	160.75 uM	AMPLICON	PRJNA323602	MIMARKS.survey	UNIVERSITY OF GEORGIA	public	sra	ncbi	0	Illumina MiSeq	PAIRED	PCR	METAGENOMIC	2016-05-28	freshwater metagenome	ILLUMINA	2016-05-31	SRP075852	0.13 -0.35m	fresh water	stream	water	USA: Upper Oconnee Watershed, Georgia	filtration	-80C
501	SAMN05182358	SRX1805045	BICO201_WI14	19	11	SRR3598006	SRS1470867	BICO201_WI14	26-Jan-2014	33.4	33.969265 N 83.303852 W	1.3 mg/l	6.2	11.6 NTU	72.65 uM	AMPLICON	PRJNA323602	MIMARKS.survey	UNIVERSITY OF GEORGIA	public	sra	ncbi	0	Illumina MiSeq	PAIRED	PCR	METAGENOMIC	2016-05-28	freshwater metagenome	ILLUMINA	2016-05-31	SRP075852	0.13 -0.35m	fresh water	stream	water	USA: Upper Oconnee Watershed, Georgia	filtration	-80C
501	SAMN05182360	SRX1805047	MIDO502_WI14	36	21	SRR3598008	SRS1470869	MIDO502_WI14	26-Jan-2014	40.6	33.899443 N 83.442786 W	1 mg/l	7.1	13.6 NTU	55.98 uM	AMPLICON	PRJNA323602	MIMARKS.survey	UNIVERSITY OF GEORGIA	public	sra	ncbi	0	Illumina MiSeq	PAIRED	PCR	METAGENOMIC	2016-05-28	freshwater metagenome	ILLUMINA	2016-05-31	SRP075852	0.13 -0.35m	fresh water	stream	water	USA: Upper Oconnee Watershed, Georgia	filtration	-80C
502	SAMN05182253	SRX1805048	MIDO610_SP13	17	11	SRR3598009	SRS1470870	MIDO610_SP13	20-Apr-2013	57.6	33.9245 N 83.4549 W	NA	7.6	20.1 NTU	41.51 uM	AMPLICON	PRJNA323602	MIMARKS.survey	UNIVERSITY OF GEORGIA	public	sra	ncbi	0	Illumina MiSeq	PAIRED	PCR	METAGENOMIC	2016-05-28	freshwater metagenome	ILLUMINA	2016-05-31	SRP075852	0.13 -0.35m	fresh water	stream	water	USA: Upper Oconnee Watershed, Georgia	filtration	-80C
501	SAMN05182361	SRX1805049	MIDO504_WI14	49	29	SRR3598010	SRS1470871	MIDO504_WI14	26-Jan-2014	41.6	33.9112 N 83.4057 W	1.2 mg/l	6.9	13.1 NTU	37.71 uM	AMPLICON	PRJNA323602	MIMARKS.survey	UNIVERSITY OF GEORGIA	public	sra	ncbi	0	Illumina MiSeq	PAIRED	PCR	METAGENOMIC	2016-05-28	freshwater metagenome	ILLUMINA	2016-05-31	SRP075852	0.13 -0.35m	fresh water	stream	water	USA: Upper Oconnee Watershed, Georgia	filtration	-80C
501	SAMN05182362	SRX1805050	MIDO506_WI14	71	42	SRR3598011	SRS1470872	MIDO506_WI14	26-Jan-2014	41	33.8976 N 83.4332 W	2.4 mg/l	6.8	23.7 NTU	91.75 uM	AMPLICON	PRJNA323602	MIMARKS.survey	UNIVERSITY OF GEORGIA	public	sra	ncbi	0	Illumina MiSeq	PAIRED	PCR	METAGENOMIC	2016-05-28	freshwater metagenome	ILLUMINA	2016-05-31	SRP075852	0.13 -0.35m	fresh water	stream	water	USA: Upper Oconnee Watershed, Georgia	filtration	-80C
501	SAMN05182363	SRX1805051	MIDO507_WI14	45	27	SRR3598012	SRS1470873	MIDO507_WI14	26-Jan-2014	36.6	33.8938 N 83.5046 W	2 mg/l	6.7	29.2 NTU	72.32 uM	AMPLICON	PRJNA323602	MIMARKS.survey	UNIVERSITY OF GEORGIA	public	sra	ncbi	0	Illumina MiSeq	PAIRED	PCR	METAGENOMIC	2016-05-28	freshwater metagenome	ILLUMINA	2016-05-31	SRP075852	0.13 -0.35m	fresh water	stream	water	USA: Upper Oconnee Watershed, Georgia	filtration	-80C
501	SAMN05182364	SRX1805052	MIDO508_WI14	47	27	SRR3598013	SRS1470874	MIDO508_WI14	26-Jan-2014	41.1	33.8944 N 83.5028 W	1 mg/l	6.9	32.8 NTU	53.61 uM	AMPLICON	PRJNA323602	MIMARKS.survey	UNIVERSITY OF GEORGIA	public	sra	ncbi	0	Illumina MiSeq	PAIRED	PCR	METAGENOMIC	2016-05-28	freshwater metagenome	ILLUMINA	2016-05-31	SRP075852	0.13 -0.35m	fresh water	stream	water	USA: Upper Oconnee Watershed, Georgia	filtration	-80C
501	SAMN05182365	SRX1805053	MIDO511_WI14	63	38	SRR3598014	SRS1470875	MIDO511_WI14	26-Jan-2014	33.2	33.9039 N 83.4632 W	1.1 mg/l	6.9	24.7 NTU	27.18 uM	AMPLICON	PRJNA323602	MIMARKS.survey	UNIVERSITY OF GEORGIA	public	sra	ncbi	0	Illumina MiSeq	PAIRED	PCR	METAGENOMIC	2016-05-28	freshwater metagenome	ILLUMINA	2016-05-31	SRP075852	0.13 -0.35m	fresh water	stream	water	USA: Upper Oconnee Watershed, Georgia	filtration	-80C
501	SAMN05182367	SRX1805055	MIDO702_WI14	40	23	SRR3598016	SRS1470877	MIDO702_WI14	26-Jan-2014	24.3	33.910708 N 83.400854 W	0.8 mg/l	6.9	12.7 NTU	53.39 uM	AMPLICON	PRJNA323602	MIMARKS.survey	UNIVERSITY OF GEORGIA	public	sra	ncbi	0	Illumina MiSeq	PAIRED	PCR	METAGENOMIC	2016-05-28	freshwater metagenome	ILLUMINA	2016-05-31	SRP075852	0.13 -0.35m	fresh water	stream	water	USA: Upper Oconnee Watershed, Georgia	filtration	-80C
501	SAMN05182368	SRX1805056	MIDO718_WI14	52	31	SRR3598017	SRS1470878	MIDO718_WI14	26-Jan-2014	23	33.9002 N 83.3977 W	1.7 mg/l	6.9	33.5 NTU	51.27 uM	AMPLICON	PRJNA323602	MIMARKS.survey	UNIVERSITY OF GEORGIA	public	sra	ncbi	0	Illumina MiSeq	PAIRED	PCR	METAGENOMIC	2016-05-28	freshwater metagenome	ILLUMINA	2016-05-31	SRP075852	0.13 -0.35m	fresh water	stream	water	USA: Upper Oconnee Watershed, Georgia	filtration	-80C
501	SAMN05182369	SRX1805057	MIDO719_WI14	9	5	SRR3598018	SRS1470879	MIDO719_WI14	26-Jan-2014	62	33.8906 N 83.3765 W	0.8 mg/l	6.9	13.5 NTU	16.3 uM	AMPLICON	PRJNA323602	MIMARKS.survey	UNIVERSITY OF GEORGIA	public	sra	ncbi	0	Illumina MiSeq	PAIRED	PCR	METAGENOMIC	2016-05-28	freshwater metagenome	ILLUMINA	2016-05-31	SRP075852	0.13 -0.35m	fresh water	stream	water	USA: Upper Oconnee Watershed, Georgia	filtration	-80C
501	SAMN05182370	SRX1805058	MIDO802_WI14	47	28	SRR3598019	SRS1470880	MIDO802_WI14	26-Jan-2014	30.6	33.958 N 83.4368 W	1 mg/l	7.2	12.5 NTU	72.11 uM	AMPLICON	PRJNA323602	MIMARKS.survey	UNIVERSITY OF GEORGIA	public	sra	ncbi	0	Illumina MiSeq	PAIRED	PCR	METAGENOMIC	2016-05-28	freshwater metagenome	ILLUMINA	2016-05-31	SRP075852	0.13 -0.35m	fresh water	stream	water	USA: Upper Oconnee Watershed, Georgia	filtration	-80C
502	SAMN05182254	SRX1805059	MIDO612_SP13	57	39	SRR3598020	SRS1470881	MIDO612_SP13	20-Apr-2013	27.3	33.918905 N 83.415805 W	0.1 mg/l	7.3	22 NTU	35.23 uM	AMPLICON	PRJNA323602	MIMARKS.survey	UNIVERSITY OF GEORGIA	public	sra	ncbi	0	Illumina MiSeq	PAIRED	PCR	METAGENOMIC	2016-05-28	freshwater metagenome	ILLUMINA	2016-05-31	SRP075852	0.13 -0.35m	fresh water	stream	water	USA: Upper Oconnee Watershed, Georgia	filtration	-80C
501	SAMN05182371	SRX1805060	MIDO804_WI14	38	23	SRR3598021	SRS1470882	MIDO804_WI14	26-Jan-2014	51.9	33.9743 N 83.425 W	1.7 mg/l	6.9	6.5 NTU	70.14 uM	AMPLICON	PRJNA323602	MIMARKS.survey	UNIVERSITY OF GEORGIA	public	sra	ncbi	0	Illumina MiSeq	PAIRED	PCR	METAGENOMIC	2016-05-28	freshwater metagenome	ILLUMINA	2016-05-31	SRP075852	0.13 -0.35m	fresh water	stream	water	USA: Upper Oconnee Watershed, Georgia	filtration	-80C
501	SAMN05182374	SRX1805063	NORO520_WI14	43	25	SRR3598024	SRS1470885	NORO520_WI14	26-Jan-2014	101.8	33.9764 N 83.3899 W	1.5 mg/l	6.8	6.1 NTU	115.85 uM	AMPLICON	PRJNA323602	MIMARKS.survey	UNIVERSITY OF GEORGIA	public	sra	ncbi	0	Illumina MiSeq	PAIRED	PCR	METAGENOMIC	2016-05-28	freshwater metagenome	ILLUMINA	2016-05-31	SRP075852	0.13 -0.35m	fresh water	stream	water	USA: Upper Oconnee Watershed, Georgia	filtration	-80C
501	SAMN05182377	SRX1805066	NORO618_WI14	43	25	SRR3598027	SRS1470888	NORO618_WI14	26-Jan-2014	88	33.9481 N 83.3799 W	0.9 mg/l	6.5	10.9 NTU	133.1 uM	AMPLICON	PRJNA323602	MIMARKS.survey	UNIVERSITY OF GEORGIA	public	sra	ncbi	0	Illumina MiSeq	PAIRED	PCR	METAGENOMIC	2016-05-28	freshwater metagenome	ILLUMINA	2016-05-31	SRP075852	0.13 -0.35m	fresh water	stream	water	USA: Upper Oconnee Watershed, Georgia	filtration	-80C
501	SAMN05182378	SRX1805067	BICO201_SP14	46	27	SRR3598028	SRS1470889	BICO201_SP14	12-Apr-2014	18.2	33.969265 N 83.303852 W	1 mg/l	NA	9.43 NTU	26.47 uM	AMPLICON	PRJNA323602	MIMARKS.survey	UNIVERSITY OF GEORGIA	public	sra	ncbi	0	Illumina MiSeq	PAIRED	PCR	METAGENOMIC	2016-05-28	freshwater metagenome	ILLUMINA	2016-05-31	SRP075852	0.13 -0.35m	fresh water	stream	water	USA: Upper Oconnee Watershed, Georgia	filtration	-80C
501	SAMN05182379	SRX1805068	BICO301_SP14	44	27	SRR3598029	SRS1470890	BICO301_SP14	12-Apr-2014	65.3	33.924095 N 83.320794 W	NA	NA	2.96 NTU	74.76 uM	AMPLICON	PRJNA323602	MIMARKS.survey	UNIVERSITY OF GEORGIA	public	sra	ncbi	0	Illumina MiSeq	PAIRED	PCR	METAGENOMIC	2016-05-28	freshwater metagenome	ILLUMINA	2016-05-31	SRP075852	0.13 -0.35m	fresh water	stream	water	USA: Upper Oconnee Watershed, Georgia	filtration	-80C
501	SAMN05182380	SRX1805069	MIDO101_SP14	41	24	SRR3598030	SRS1470891	MIDO101_SP14	12-Apr-2014	33.4	33.9987 N 83.4954 W	NA	NA	8.36 NTU	20.63 uM	AMPLICON	PRJNA323602	MIMARKS.survey	UNIVERSITY OF GEORGIA	public	sra	ncbi	0	Illumina MiSeq	PAIRED	PCR	METAGENOMIC	2016-05-28	freshwater metagenome	ILLUMINA	2016-05-31	SRP075852	0.13 -0.35m	fresh water	stream	water	USA: Upper Oconnee Watershed, Georgia	filtration	-80C
502	SAMN05182255	SRX1805070	MIDO616_SP13	35	24	SRR3598031	SRS1470892	MIDO616_SP13	20-Apr-2013	71.4	33.929729 N 83.456502 W	0.3 mg/l	7.05	6.27 NTU	33.97 uM	AMPLICON	PRJNA323602	MIMARKS.survey	UNIVERSITY OF GEORGIA	public	sra	ncbi	0	Illumina MiSeq	PAIRED	PCR	METAGENOMIC	2016-05-28	freshwater metagenome	ILLUMINA	2016-05-31	SRP075852	0.13 -0.35m	fresh water	stream	water	USA: Upper Oconnee Watershed, Georgia	filtration	-80C
501	SAMN05182381	SRX1805071	MIDO103_SP14	44	26	SRR3598032	SRS1470893	MIDO103_SP14	12-Apr-2014	32.4	34.0006 N 83.503 W	NA	NA	94.5 NTU	80.97 uM	AMPLICON	PRJNA323602	MIMARKS.survey	UNIVERSITY OF GEORGIA	public	sra	ncbi	0	Illumina MiSeq	PAIRED	PCR	METAGENOMIC	2016-05-28	freshwater metagenome	ILLUMINA	2016-05-31	SRP075852	0.13 -0.35m	fresh water	stream	water	USA: Upper Oconnee Watershed, Georgia	filtration	-80C
501	SAMN05182382	SRX1805072	MIDO301_SP14	19	12	SRR3598033	SRS1470894	MIDO301_SP14	12-Apr-2014	38.1	33.9683 N 83.4971 W	NA	NA	6.89 NTU	12.78 uM	AMPLICON	PRJNA323602	MIMARKS.survey	UNIVERSITY OF GEORGIA	public	sra	ncbi	0	Illumina MiSeq	PAIRED	PCR	METAGENOMIC	2016-05-28	freshwater metagenome	ILLUMINA	2016-05-31	SRP075852	0.13 -0.35m	fresh water	stream	water	USA: Upper Oconnee Watershed, Georgia	filtration	-80C
501	SAMN05182383	SRX1805073	MIDO305_SP14	47	28	SRR3598034	SRS1470895	MIDO305_SP14	12-Apr-2014	37.7	33.995833 N 83.56382 W	NA	NA	19.7 NTU	76.35 uM	AMPLICON	PRJNA323602	MIMARKS.survey	UNIVERSITY OF GEORGIA	public	sra	ncbi	0	Illumina MiSeq	PAIRED	PCR	METAGENOMIC	2016-05-28	freshwater metagenome	ILLUMINA	2016-05-31	SRP075852	0.13 -0.35m	fresh water	stream	water	USA: Upper Oconnee Watershed, Georgia	filtration	-80C
501	SAMN05182384	SRX1805074	MIDO316_SP14	50	30	SRR3598035	SRS1470896	MIDO316_SP14	12-Apr-2014	41.3	33.966021 N 83.514695 W	NA	NA	7.69 NTU	47.68 uM	AMPLICON	PRJNA323602	MIMARKS.survey	UNIVERSITY OF GEORGIA	public	sra	ncbi	0	Illumina MiSeq	PAIRED	PCR	METAGENOMIC	2016-05-28	freshwater metagenome	ILLUMINA	2016-05-31	SRP075852	0.13 -0.35m	fresh water	stream	water	USA: Upper Oconnee Watershed, Georgia	filtration	-80C
501	SAMN05182385	SRX1805075	MIDO318_SP14	42	25	SRR3598036	SRS1470897	MIDO318_SP14	12-Apr-2014	36.2	33.965176 N 83.522284 W	NA	NA	5.08 NTU	40.63 uM	AMPLICON	PRJNA323602	MIMARKS.survey	UNIVERSITY OF GEORGIA	public	sra	ncbi	0	Illumina MiSeq	PAIRED	PCR	METAGENOMIC	2016-05-28	freshwater metagenome	ILLUMINA	2016-05-31	SRP075852	0.13 -0.35m	fresh water	stream	water	USA: Upper Oconnee Watershed, Georgia	filtration	-80C
501	SAMN05182386	SRX1805076	MIDO502_SP14	59	35	SRR3598037	SRS1470898	MIDO502_SP14	12-Apr-2014	50	33.899443 N 83.442786 W	1.2 mg/l	NA	0.37 NTU	43.83 uM	AMPLICON	PRJNA323602	MIMARKS.survey	UNIVERSITY OF GEORGIA	public	sra	ncbi	0	Illumina MiSeq	PAIRED	PCR	METAGENOMIC	2016-05-28	freshwater metagenome	ILLUMINA	2016-05-31	SRP075852	0.13 -0.35m	fresh water	stream	water	USA: Upper Oconnee Watershed, Georgia	filtration	-80C
501	SAMN05182387	SRX1805077	MIDO503_SP14	33	20	SRR3598038	SRS1470899	MIDO503_SP14	12-Apr-2014	42.1	33.9097 N 83.4141 W	NA	NA	14.8 NTU	42.84 uM	AMPLICON	PRJNA323602	MIMARKS.survey	UNIVERSITY OF GEORGIA	public	sra	ncbi	0	Illumina MiSeq	PAIRED	PCR	METAGENOMIC	2016-05-28	freshwater metagenome	ILLUMINA	2016-05-31	SRP075852	0.13 -0.35m	fresh water	stream	water	USA: Upper Oconnee Watershed, Georgia	filtration	-80C
501	SAMN05182388	SRX1805078	MIDO504_SP14	61	36	SRR3598039	SRS1470900	MIDO504_SP14	12-Apr-2014	40.6	33.9112 N 83.4057 W	NA	NA	18 NTU	42.84 uM	AMPLICON	PRJNA323602	MIMARKS.survey	UNIVERSITY OF GEORGIA	public	sra	ncbi	0	Illumina MiSeq	PAIRED	PCR	METAGENOMIC	2016-05-28	freshwater metagenome	ILLUMINA	2016-05-31	SRP075852	0.13 -0.35m	fresh water	stream	water	USA: Upper Oconnee Watershed, Georgia	filtration	-80C
501	SAMN05182389	SRX1805079	MIDO505_SP14	53	31	SRR3598040	SRS1470901	MIDO505_SP14	12-Apr-2014	53.5	33.9025 N 83.5232 W	1.3 mg/l	NA	21.4 NTU	39.85 uM	AMPLICON	PRJNA323602	MIMARKS.survey	UNIVERSITY OF GEORGIA	public	sra	ncbi	0	Illumina MiSeq	PAIRED	PCR	METAGENOMIC	2016-05-28	freshwater metagenome	ILLUMINA	2016-05-31	SRP075852	0.13 -0.35m	fresh water	stream	water	USA: Upper Oconnee Watershed, Georgia	filtration	-80C
500	SAMN05182390	SRX1805080	MIDO506_SP14	53	31	SRR3598041	SRS1470902	MIDO506_SP14	12-Apr-2014	55.4	33.8976 N 83.4332 W	1.2 mg/l	NA	6.73 NTU	71.45 uM	AMPLICON	PRJNA323602	MIMARKS.survey	UNIVERSITY OF GEORGIA	public	sra	ncbi	0	Illumina MiSeq	PAIRED	PCR	METAGENOMIC	2016-05-28	freshwater metagenome	ILLUMINA	2016-05-31	SRP075852	0.13 -0.35m	fresh water	stream	water	USA: Upper Oconnee Watershed, Georgia	filtration	-80C
501	SAMN05182256	SRX1805081	MIDO702_SP13	199	137	SRR3598042	SRS1470903	MIDO702_SP13	20-Apr-2013	NA	33.910708 N 83.400854 W	NA	NA	NA NTU	49.23 uM	AMPLICON	PRJNA323602	MIMARKS.survey	UNIVERSITY OF GEORGIA	public	sra	ncbi	0	Illumina MiSeq	PAIRED	PCR	METAGENOMIC	2016-05-28	freshwater metagenome	ILLUMINA	2016-05-31	SRP075852	0.13 -0.35m	fresh water	stream	water	USA: Upper Oconnee Watershed, Georgia	filtration	-80C
501	SAMN05182391	SRX1805082	MIDO508_SP14	56	33	SRR3598043	SRS1470904	MIDO508_SP14	12-Apr-2014	52.7	33.8944 N 83.5028 W	0.7 mg/l	NA	16 NTU	45.4 uM	AMPLICON	PRJNA323602	MIMARKS.survey	UNIVERSITY OF GEORGIA	public	sra	ncbi	0	Illumina MiSeq	PAIRED	PCR	METAGENOMIC	2016-05-28	freshwater metagenome	ILLUMINA	2016-05-31	SRP075852	0.13 -0.35m	fresh water	stream	water	USA: Upper Oconnee Watershed, Georgia	filtration	-80C
501	SAMN05182392	SRX1805083	MIDO512_SP14	88	51	SRR3598044	SRS1470906	MIDO512_SP14	12-Apr-2014	31.9	33.9082 N 83.4142 W	0.5 mg/l	NA	10.1 NTU	13.4 uM	AMPLICON	PRJNA323602	MIMARKS.survey	UNIVERSITY OF GEORGIA	public	sra	ncbi	0	Illumina MiSeq	PAIRED	PCR	METAGENOMIC	2016-05-28	freshwater metagenome	ILLUMINA	2016-05-31	SRP075852	0.13 -0.35m	fresh water	stream	water	USA: Upper Oconnee Watershed, Georgia	filtration	-80C
501	SAMN05182393	SRX1805084	MIDO604_SP14	84	51	SRR3598045	SRS1470905	MIDO604_SP14	12-Apr-2014	51.7	33.9232 N 83.441 W	NA	NA	12.6 NTU	34.98 uM	AMPLICON	PRJNA323602	MIMARKS.survey	UNIVERSITY OF GEORGIA	public	sra	ncbi	0	Illumina MiSeq	PAIRED	PCR	METAGENOMIC	2016-05-28	freshwater metagenome	ILLUMINA	2016-05-31	SRP075852	0.13 -0.35m	fresh water	stream	water	USA: Upper Oconnee Watershed, Georgia	filtration	-80C
501	SAMN05182394	SRX1805085	MIDO605_SP14	61	37	SRR3598046	SRS1470907	MIDO605_SP14	12-Apr-2014	49.4	33.931322 N 83.487804 W	NA	NA	24 NTU	30.85 uM	AMPLICON	PRJNA323602	MIMARKS.survey	UNIVERSITY OF GEORGIA	public	sra	ncbi	0	Illumina MiSeq	PAIRED	PCR	METAGENOMIC	2016-05-28	freshwater metagenome	ILLUMINA	2016-05-31	SRP075852	0.13 -0.35m	fresh water	stream	water	USA: Upper Oconnee Watershed, Georgia	filtration	-80C
501	SAMN05182395	SRX1805086	MIDO606_SP14	58	35	SRR3598047	SRS1470908	MIDO606_SP14	12-Apr-2014	26	33.9298 N 83.4798 W	0.9 mg/l	NA	14.2 NTU	30.84 uM	AMPLICON	PRJNA323602	MIMARKS.survey	UNIVERSITY OF GEORGIA	public	sra	ncbi	0	Illumina MiSeq	PAIRED	PCR	METAGENOMIC	2016-05-28	freshwater metagenome	ILLUMINA	2016-05-31	SRP075852	0.13 -0.35m	fresh water	stream	water	USA: Upper Oconnee Watershed, Georgia	filtration	-80C
501	SAMN05182396	SRX1805087	MIDO608_SP14	66	40	SRR3598048	SRS1470909	MIDO608_SP14	12-Apr-2014	72.4	33.9267 N 83.4612 W	1.2 mg/l	NA	7.24 NTU	34.88 uM	AMPLICON	PRJNA323602	MIMARKS.survey	UNIVERSITY OF GEORGIA	public	sra	ncbi	0	Illumina MiSeq	PAIRED	PCR	METAGENOMIC	2016-05-28	freshwater metagenome	ILLUMINA	2016-05-31	SRP075852	0.13 -0.35m	fresh water	stream	water	USA: Upper Oconnee Watershed, Georgia	filtration	-80C
501	SAMN05182397	SRX1805088	MIDO609_SP14	56	33	SRR3598049	SRS1470910	MIDO609_SP14	12-Apr-2014	44.2	33.9301 N 83.5517 W	NA	NA	6.64 NTU	26.3 uM	AMPLICON	PRJNA323602	MIMARKS.survey	UNIVERSITY OF GEORGIA	public	sra	ncbi	0	Illumina MiSeq	PAIRED	PCR	METAGENOMIC	2016-05-28	freshwater metagenome	ILLUMINA	2016-05-31	SRP075852	0.13 -0.35m	fresh water	stream	water	USA: Upper Oconnee Watershed, Georgia	filtration	-80C
501	SAMN05182398	SRX1805089	MIDO610_SP14	25	15	SRR3598050	SRS1470911	MIDO610_SP14	12-Apr-2014	49	33.9245 N 83.4549 W	1.1 mg/l	NA	10.8 NTU	40 uM	AMPLICON	PRJNA323602	MIMARKS.survey	UNIVERSITY OF GEORGIA	public	sra	ncbi	0	Illumina MiSeq	PAIRED	PCR	METAGENOMIC	2016-05-28	freshwater metagenome	ILLUMINA	2016-05-31	SRP075852	0.13 -0.35m	fresh water	stream	water	USA: Upper Oconnee Watershed, Georgia	filtration	-80C
501	SAMN05182399	SRX1805090	MIDO611_SP14	22	13	SRR3598051	SRS1470912	MIDO611_SP14	12-Apr-2014	54.5	33.9313 N 83.5086 W	1.1 mg/l	NA	15.6 NTU	29.35 uM	AMPLICON	PRJNA323602	MIMARKS.survey	UNIVERSITY OF GEORGIA	public	sra	ncbi	0	Illumina MiSeq	PAIRED	PCR	METAGENOMIC	2016-05-28	freshwater metagenome	ILLUMINA	2016-05-31	SRP075852	0.13 -0.35m	fresh water	stream	water	USA: Upper Oconnee Watershed, Georgia	filtration	-80C
501	SAMN05182400	SRX1805091	MIDO612_SP14	87	53	SRR3598052	SRS1470913	MIDO612_SP14	12-Apr-2014	52.2	33.918905 N 83.415805 W	NA	NA	9.16 NTU	35.05 uM	AMPLICON	PRJNA323602	MIMARKS.survey	UNIVERSITY OF GEORGIA	public	sra	ncbi	0	Illumina MiSeq	PAIRED	PCR	METAGENOMIC	2016-05-28	freshwater metagenome	ILLUMINA	2016-05-31	SRP075852	0.13 -0.35m	fresh water	stream	water	USA: Upper Oconnee Watershed, Georgia	filtration	-80C
501	SAMN05182257	SRX1805092	MIDO704_SP13	230	156	SRR3598053	SRS1470914	MIDO704_SP13	20-Apr-2013	139.2	33.903 N 83.3797 W	3.2 mg/l	7.3	10.41 NTU	371.04 uM	AMPLICON	PRJNA323602	MIMARKS.survey	UNIVERSITY OF GEORGIA	public	sra	ncbi	0	Illumina MiSeq	PAIRED	PCR	METAGENOMIC	2016-05-28	freshwater metagenome	ILLUMINA	2016-05-31	SRP075852	0.13 -0.35m	fresh water	stream	water	USA: Upper Oconnee Watershed, Georgia	filtration	-80C
501	SAMN05182401	SRX1805093	MIDO613_SP14	45	27	SRR3598054	SRS1470915	MIDO613_SP14	12-Apr-2014	46.3	33.9255 N 83.5226 W	NA	NA	19.8 NTU	28.74 uM	AMPLICON	PRJNA323602	MIMARKS.survey	UNIVERSITY OF GEORGIA	public	sra	ncbi	0	Illumina MiSeq	PAIRED	PCR	METAGENOMIC	2016-05-28	freshwater metagenome	ILLUMINA	2016-05-31	SRP075852	0.13 -0.35m	fresh water	stream	water	USA: Upper Oconnee Watershed, Georgia	filtration	-80C
501	SAMN05182402	SRX1805094	MIDO616_SP14	62	37	SRR3598055	SRS1470916	MIDO616_SP14	12-Apr-2014	67	33.929729 N 83.456502 W	1 mg/l	NA	8.87 NTU	37.95 uM	AMPLICON	PRJNA323602	MIMARKS.survey	UNIVERSITY OF GEORGIA	public	sra	ncbi	0	Illumina MiSeq	PAIRED	PCR	METAGENOMIC	2016-05-28	freshwater metagenome	ILLUMINA	2016-05-31	SRP075852	0.13 -0.35m	fresh water	stream	water	USA: Upper Oconnee Watershed, Georgia	filtration	-80C
501	SAMN05182403	SRX1805095	MIDO617_SP14	56	33	SRR3598056	SRS1470918	MIDO617_SP14	12-Apr-2014	42	33.9339 N 83.5459 W	NA	NA	19.5 NTU	20.98 uM	AMPLICON	PRJNA323602	MIMARKS.survey	UNIVERSITY OF GEORGIA	public	sra	ncbi	0	Illumina MiSeq	PAIRED	PCR	METAGENOMIC	2016-05-28	freshwater metagenome	ILLUMINA	2016-05-31	SRP075852	0.13 -0.35m	fresh water	stream	water	USA: Upper Oconnee Watershed, Georgia	filtration	-80C
501	SAMN05182404	SRX1805096	MIDO704_SP14	13	8	SRR3598057	SRS1470917	MIDO704_SP14	12-Apr-2014	88.8	33.903 N 83.3797 W	NA	NA	13.7 NTU	307.58 uM	AMPLICON	PRJNA323602	MIMARKS.survey	UNIVERSITY OF GEORGIA	public	sra	ncbi	0	Illumina MiSeq	PAIRED	PCR	METAGENOMIC	2016-05-28	freshwater metagenome	ILLUMINA	2016-05-31	SRP075852	0.13 -0.35m	fresh water	stream	water	USA: Upper Oconnee Watershed, Georgia	filtration	-80C
501	SAMN05182405	SRX1805097	MIDO706_SP14	53	31	SRR3598058	SRS1470919	MIDO706_SP14	12-Apr-2014	18	33.8684 N 83.4194 W	0.7 mg/l	NA	10.21 NTU	26.62 uM	AMPLICON	PRJNA323602	MIMARKS.survey	UNIVERSITY OF GEORGIA	public	sra	ncbi	0	Illumina MiSeq	PAIRED	PCR	METAGENOMIC	2016-05-28	freshwater metagenome	ILLUMINA	2016-05-31	SRP075852	0.13 -0.35m	fresh water	stream	water	USA: Upper Oconnee Watershed, Georgia	filtration	-80C
501	SAMN05182406	SRX1805098	MIDO707_SP14	50	29	SRR3598059	SRS1470920	MIDO707_SP14	12-Apr-2014	72.1	33.881381 N 83.389283 W	0.7 mg/l	NA	7.63 NTU	65.45 uM	AMPLICON	PRJNA323602	MIMARKS.survey	UNIVERSITY OF GEORGIA	public	sra	ncbi	0	Illumina MiSeq	PAIRED	PCR	METAGENOMIC	2016-05-28	freshwater metagenome	ILLUMINA	2016-05-31	SRP075852	0.13 -0.35m	fresh water	stream	water	USA: Upper Oconnee Watershed, Georgia	filtration	-80C
501	SAMN05182407	SRX1805099	MIDO708_SP14	105	62	SRR3598060	SRS1470921	MIDO708_SP14	12-Apr-2014	46.1	33.900855 N 83.379822 W	NA	NA	3.59 NTU	518.1 uM	AMPLICON	PRJNA323602	MIMARKS.survey	UNIVERSITY OF GEORGIA	public	sra	ncbi	0	Illumina MiSeq	PAIRED	PCR	METAGENOMIC	2016-05-28	freshwater metagenome	ILLUMINA	2016-05-31	SRP075852	0.13 -0.35m	fresh water	stream	water	USA: Upper Oconnee Watershed, Georgia	filtration	-80C
500	SAMN05182408	SRX1805100	MIDO718_SP14	40	24	SRR3598061	SRS1470922	MIDO718_SP14	12-Apr-2014	47	33.9002 N 83.3977 W	NA	NA	10.6 NTU	44.02 uM	AMPLICON	PRJNA323602	MIMARKS.survey	UNIVERSITY OF GEORGIA	public	sra	ncbi	0	Illumina MiSeq	PAIRED	PCR	METAGENOMIC	2016-05-28	freshwater metagenome	ILLUMINA	2016-05-31	SRP075852	0.13 -0.35m	fresh water	stream	water	USA: Upper Oconnee Watershed, Georgia	filtration	-80C
501	SAMN05182409	SRX1805101	MIDO726_SP14	49	29	SRR3598062	SRS1470923	MIDO726_SP14	12-Apr-2014	45.2	33.8772 N 83.3998 W	NA	NA	9.14 NTU	74.57 uM	AMPLICON	PRJNA323602	MIMARKS.survey	UNIVERSITY OF GEORGIA	public	sra	ncbi	0	Illumina MiSeq	PAIRED	PCR	METAGENOMIC	2016-05-28	freshwater metagenome	ILLUMINA	2016-05-31	SRP075852	0.13 -0.35m	fresh water	stream	water	USA: Upper Oconnee Watershed, Georgia	filtration	-80C
501	SAMN05182410	SRX1805102	MIDO801_SP14	70	41	SRR3598063	SRS1470924	MIDO801_SP14	12-Apr-2014	63.2	33.9576 N 83.438 W	1.8 mg/l	NA	32.3 NTU	49.86 uM	AMPLICON	PRJNA323602	MIMARKS.survey	UNIVERSITY OF GEORGIA	public	sra	ncbi	0	Illumina MiSeq	PAIRED	PCR	METAGENOMIC	2016-05-28	freshwater metagenome	ILLUMINA	2016-05-31	SRP075852	0.13 -0.35m	fresh water	stream	water	USA: Upper Oconnee Watershed, Georgia	filtration	-80C
502	SAMN05182258	SRX1805103	MIDO706_SP13	17	12	SRR3598064	SRS1470925	MIDO706_SP13	20-Apr-2013	NA	33.8684 N 83.4194 W	0 mg/l	7.4	11.2 NTU	32.19 uM	AMPLICON	PRJNA323602	MIMARKS.survey	UNIVERSITY OF GEORGIA	public	sra	ncbi	0	Illumina MiSeq	PAIRED	PCR	METAGENOMIC	2016-05-28	freshwater metagenome	ILLUMINA	2016-05-31	SRP075852	0.13 -0.35m	fresh water	stream	water	USA: Upper Oconnee Watershed, Georgia	filtration	-80C
501	SAMN05182411	SRX1805104	MIDO803_SP14	54	32	SRR3598065	SRS1470926	MIDO803_SP14	12-Apr-2014	99	33.9476 N 83.3995 W	NA	NA	2.31 NTU	135.81 uM	AMPLICON	PRJNA323602	MIMARKS.survey	UNIVERSITY OF GEORGIA	public	sra	ncbi	0	Illumina MiSeq	PAIRED	PCR	METAGENOMIC	2016-05-28	freshwater metagenome	ILLUMINA	2016-05-31	SRP075852	0.13 -0.35m	fresh water	stream	water	USA: Upper Oconnee Watershed, Georgia	filtration	-80C
501	SAMN05182412	SRX1805105	MIDO804_SP14	28	16	SRR3598066	SRS1470927	MIDO804_SP14	12-Apr-2014	64.2	33.9743 N 83.425 W	0.9 mg/l	NA	3.74 NTU	54.37 uM	AMPLICON	PRJNA323602	MIMARKS.survey	UNIVERSITY OF GEORGIA	public	sra	ncbi	0	Illumina MiSeq	PAIRED	PCR	METAGENOMIC	2016-05-28	freshwater metagenome	ILLUMINA	2016-05-31	SRP075852	0.13 -0.35m	fresh water	stream	water	USA: Upper Oconnee Watershed, Georgia	filtration	-80C
501	SAMN05182413	SRX1805106	MIDO805_SP14	52	30	SRR3598067	SRS1470928	MIDO805_SP14	12-Apr-2014	57.2	33.9746 N 83.4241 W	2.9 mg/l	NA	3.74 NTU	20.73 uM	AMPLICON	PRJNA323602	MIMARKS.survey	UNIVERSITY OF GEORGIA	public	sra	ncbi	0	Illumina MiSeq	PAIRED	PCR	METAGENOMIC	2016-05-28	freshwater metagenome	ILLUMINA	2016-05-31	SRP075852	0.13 -0.35m	fresh water	stream	water	USA: Upper Oconnee Watershed, Georgia	filtration	-80C
501	SAMN05182414	SRX1805107	MIDO807_SP14	58	34	SRR3598068	SRS1470929	MIDO807_SP14	12-Apr-2014	37.5	33.9661 N 83.4312 W	NA	NA	7.8 NTU	98.75 uM	AMPLICON	PRJNA323602	MIMARKS.survey	UNIVERSITY OF GEORGIA	public	sra	ncbi	0	Illumina MiSeq	PAIRED	PCR	METAGENOMIC	2016-05-28	freshwater metagenome	ILLUMINA	2016-05-31	SRP075852	0.13 -0.35m	fresh water	stream	water	USA: Upper Oconnee Watershed, Georgia	filtration	-80C
501	SAMN05182415	SRX1805108	MIDO811_SP14	29	17	SRR3598069	SRS1470930	MIDO811_SP14	12-Apr-2014	73.3	33.9567 N 83.4177 W	NA	NA	37.9 NTU	48.63 uM	AMPLICON	PRJNA323602	MIMARKS.survey	UNIVERSITY OF GEORGIA	public	sra	ncbi	0	Illumina MiSeq	PAIRED	PCR	METAGENOMIC	2016-05-28	freshwater metagenome	ILLUMINA	2016-05-31	SRP075852	0.13 -0.35m	fresh water	stream	water	USA: Upper Oconnee Watershed, Georgia	filtration	-80C
501	SAMN05182416	SRX1805109	MIDO813_SP14	54	32	SRR3598070	SRS1470931	MIDO813_SP14	12-Apr-2014	71.7	33.9638 N 83.444 W	1.3 mg/l	NA	2.68 NTU	109.35 uM	AMPLICON	PRJNA323602	MIMARKS.survey	UNIVERSITY OF GEORGIA	public	sra	ncbi	0	Illumina MiSeq	PAIRED	PCR	METAGENOMIC	2016-05-28	freshwater metagenome	ILLUMINA	2016-05-31	SRP075852	0.13 -0.35m	fresh water	stream	water	USA: Upper Oconnee Watershed, Georgia	filtration	-80C
501	SAMN05182417	SRX1805110	MIDO814_SP14	54	32	SRR3598071	SRS1470932	MIDO814_SP14	12-Apr-2014	55.6	33.94 N 83.4091 W	NA	NA	27.6 NTU	87.28 uM	AMPLICON	PRJNA323602	MIMARKS.survey	UNIVERSITY OF GEORGIA	public	sra	ncbi	0	Illumina MiSeq	PAIRED	PCR	METAGENOMIC	2016-05-28	freshwater metagenome	ILLUMINA	2016-05-31	SRP075852	0.13 -0.35m	fresh water	stream	water	USA: Upper Oconnee Watershed, Georgia	filtration	-80C
501	SAMN05182418	SRX1805111	MIDO821_SP14	8	5	SRR3598072	SRS1470933	MIDO821_SP14	12-Apr-2014	NA	33.956178 N 83.457845 W	1.7 mg/l	NA	10.95 NTU	103.94 uM	AMPLICON	PRJNA323602	MIMARKS.survey	UNIVERSITY OF GEORGIA	public	sra	ncbi	0	Illumina MiSeq	PAIRED	PCR	METAGENOMIC	2016-05-28	freshwater metagenome	ILLUMINA	2016-05-31	SRP075852	0.13 -0.35m	fresh water	stream	water	USA: Upper Oconnee Watershed, Georgia	filtration	-80C
501	SAMN05182419	SRX1805112	MIDO825_SP14	13	8	SRR3598073	SRS1470934	MIDO825_SP14	12-Apr-2014	28.9	33.9576 N 83.4006 W	NA	NA	5.77 NTU	57 uM	AMPLICON	PRJNA323602	MIMARKS.survey	UNIVERSITY OF GEORGIA	public	sra	ncbi	0	Illumina MiSeq	PAIRED	PCR	METAGENOMIC	2016-05-28	freshwater metagenome	ILLUMINA	2016-05-31	SRP075852	0.13 -0.35m	fresh water	stream	water	USA: Upper Oconnee Watershed, Georgia	filtration	-80C
501	SAMN05182420	SRX1805113	MIDO826_SP14	92	56	SRR3598074	SRS1470935	MIDO826_SP14	12-Apr-2014	71.4	33.9558 N 83.4005 W	NA	NA	4.32 NTU	71.16 uM	AMPLICON	PRJNA323602	MIMARKS.survey	UNIVERSITY OF GEORGIA	public	sra	ncbi	0	Illumina MiSeq	PAIRED	PCR	METAGENOMIC	2016-05-28	freshwater metagenome	ILLUMINA	2016-05-31	SRP075852	0.13 -0.35m	fresh water	stream	water	USA: Upper Oconnee Watershed, Georgia	filtration	-80C
502	SAMN05182259	SRX1805114	MIDO707_SP13	107	74	SRR3598075	SRS1470936	MIDO707_SP13	20-Apr-2013	62	33.881381 N 83.389283 W	NA	7.4	8.91 NTU	63.8 uM	AMPLICON	PRJNA323602	MIMARKS.survey	UNIVERSITY OF GEORGIA	public	sra	ncbi	0	Illumina MiSeq	PAIRED	PCR	METAGENOMIC	2016-05-28	freshwater metagenome	ILLUMINA	2016-05-31	SRP075852	0.13 -0.35m	fresh water	stream	water	USA: Upper Oconnee Watershed, Georgia	filtration	-80C
501	SAMN05182421	SRX1805115	MIDO831_SP14	74	44	SRR3598076	SRS1470937	MIDO831_SP14	12-Apr-2014	95.3	33.9418 N 83.4016 W	NA	NA	2.07 NTU	107.04 uM	AMPLICON	PRJNA323602	MIMARKS.survey	UNIVERSITY OF GEORGIA	public	sra	ncbi	0	Illumina MiSeq	PAIRED	PCR	METAGENOMIC	2016-05-28	freshwater metagenome	ILLUMINA	2016-05-31	SRP075852	0.13 -0.35m	fresh water	stream	water	USA: Upper Oconnee Watershed, Georgia	filtration	-80C
501	SAMN05182422	SRX1805116	NORO108_SP14	51	30	SRR3598077	SRS1470938	NORO108_SP14	12-Apr-2014	NA	33.994 N 83.4007 W	NA	NA	18.7 NTU	21.07 uM	AMPLICON	PRJNA323602	MIMARKS.survey	UNIVERSITY OF GEORGIA	public	sra	ncbi	0	Illumina MiSeq	PAIRED	PCR	METAGENOMIC	2016-05-28	freshwater metagenome	ILLUMINA	2016-05-31	SRP075852	0.13 -0.35m	fresh water	stream	water	USA: Upper Oconnee Watershed, Georgia	filtration	-80C
501	SAMN05182423	SRX1805117	NORO114_SP14	32	19	SRR3598078	SRS1470939	NORO114_SP14	12-Apr-2014	60.8	34.0106 N 83.4067 W	NA	NA	21.7 NTU	64.98 uM	AMPLICON	PRJNA323602	MIMARKS.survey	UNIVERSITY OF GEORGIA	public	sra	ncbi	0	Illumina MiSeq	PAIRED	PCR	METAGENOMIC	2016-05-28	freshwater metagenome	ILLUMINA	2016-05-31	SRP075852	0.13 -0.35m	fresh water	stream	water	USA: Upper Oconnee Watershed, Georgia	filtration	-80C
501	SAMN05182424	SRX1805118	NORO201_SP14	33	19	SRR3598079	SRS1470940	NORO201_SP14	12-Apr-2014	18.2	34.1266 N 83.3944 W	NA	NA	NA NTU	10.9 uM	AMPLICON	PRJNA323602	MIMARKS.survey	UNIVERSITY OF GEORGIA	public	sra	ncbi	0	Illumina MiSeq	PAIRED	PCR	METAGENOMIC	2016-05-28	freshwater metagenome	ILLUMINA	2016-05-31	SRP075852	0.13 -0.35m	fresh water	stream	water	USA: Upper Oconnee Watershed, Georgia	filtration	-80C
501	SAMN05182425	SRX1805119	NORO301_SP14	89	52	SRR3598080	SRS1470941	NORO301_SP14	12-Apr-2014	21	34.0582 N 83.389 W	NA	NA	19.4 NTU	38.36 uM	AMPLICON	PRJNA323602	MIMARKS.survey	UNIVERSITY OF GEORGIA	public	sra	ncbi	0	Illumina MiSeq	PAIRED	PCR	METAGENOMIC	2016-05-28	freshwater metagenome	ILLUMINA	2016-05-31	SRP075852	0.13 -0.35m	fresh water	stream	water	USA: Upper Oconnee Watershed, Georgia	filtration	-80C
501	SAMN05182426	SRX1805120	NORO402_SP14	27	16	SRR3598081	SRS1470942	NORO402_SP14	12-Apr-2014	31.8	34.0647 N 83.3659 W	NA	NA	4.54 NTU	19.72 uM	AMPLICON	PRJNA323602	MIMARKS.survey	UNIVERSITY OF GEORGIA	public	sra	ncbi	0	Illumina MiSeq	PAIRED	PCR	METAGENOMIC	2016-05-28	freshwater metagenome	ILLUMINA	2016-05-31	SRP075852	0.13 -0.35m	fresh water	stream	water	USA: Upper Oconnee Watershed, Georgia	filtration	-80C
501	SAMN05182427	SRX1805121	NORO403_SP14	53	32	SRR3598082	SRS1470943	NORO403_SP14	12-Apr-2014	25.4	34.0634 N 83.3452 W	NA	NA	6.05 NTU	15.25 uM	AMPLICON	PRJNA323602	MIMARKS.survey	UNIVERSITY OF GEORGIA	public	sra	ncbi	0	Illumina MiSeq	PAIRED	PCR	METAGENOMIC	2016-05-28	freshwater metagenome	ILLUMINA	2016-05-31	SRP075852	0.13 -0.35m	fresh water	stream	water	USA: Upper Oconnee Watershed, Georgia	filtration	-80C
501	SAMN05182428	SRX1805122	NORO405_SP14	50	30	SRR3598083	SRS1470944	NORO405_SP14	12-Apr-2014	36.6	34.007666 N 83.364893 W	NA	NA	12.7 NTU	25.63 uM	AMPLICON	PRJNA323602	MIMARKS.survey	UNIVERSITY OF GEORGIA	public	sra	ncbi	0	Illumina MiSeq	PAIRED	PCR	METAGENOMIC	2016-05-28	freshwater metagenome	ILLUMINA	2016-05-31	SRP075852	0.13 -0.35m	fresh water	stream	water	USA: Upper Oconnee Watershed, Georgia	filtration	-80C
501	SAMN05182429	SRX1805123	NORO407_SP14	46	27	SRR3598084	SRS1470945	NORO407_SP14	12-Apr-2014	NA	34.0211 N 83.3687 W	NA	NA	NA NTU	96.95 uM	AMPLICON	PRJNA323602	MIMARKS.survey	UNIVERSITY OF GEORGIA	public	sra	ncbi	0	Illumina MiSeq	PAIRED	PCR	METAGENOMIC	2016-05-28	freshwater metagenome	ILLUMINA	2016-05-31	SRP075852	0.13 -0.35m	fresh water	stream	water	USA: Upper Oconnee Watershed, Georgia	filtration	-80C
501	SAMN05182430	SRX1805124	NORO501_SP14	85	51	SRR3598085	SRS1470946	NORO501_SP14	12-Apr-2014	62	33.9772 N 83.3318 W	NA	NA	13.9 NTU	69.12 uM	AMPLICON	PRJNA323602	MIMARKS.survey	UNIVERSITY OF GEORGIA	public	sra	ncbi	0	Illumina MiSeq	PAIRED	PCR	METAGENOMIC	2016-05-28	freshwater metagenome	ILLUMINA	2016-05-31	SRP075852	0.13 -0.35m	fresh water	stream	water	USA: Upper Oconnee Watershed, Georgia	filtration	-80C
501	SAMN05182260	SRX1805125	MIDO708_SP13	158	107	SRR3598086	SRS1470947	MIDO708_SP13	20-Apr-2013	NA	33.900855 N 83.379822 W	NA	NA	NA NTU	640.59 uM	AMPLICON	PRJNA323602	MIMARKS.survey	UNIVERSITY OF GEORGIA	public	sra	ncbi	0	Illumina MiSeq	PAIRED	PCR	METAGENOMIC	2016-05-28	freshwater metagenome	ILLUMINA	2016-05-31	SRP075852	0.13 -0.35m	fresh water	stream	water	USA: Upper Oconnee Watershed, Georgia	filtration	-80C
501	SAMN05182431	SRX1805126	NORO502_SP14	41	24	SRR3598087	SRS1470948	NORO502_SP14	12-Apr-2014	295.8	33.9692 N 83.3883 W	NA	NA	34.1 NTU	754.57 uM	AMPLICON	PRJNA323602	MIMARKS.survey	UNIVERSITY OF GEORGIA	public	sra	ncbi	0	Illumina MiSeq	PAIRED	PCR	METAGENOMIC	2016-05-28	freshwater metagenome	ILLUMINA	2016-05-31	SRP075852	0.13 -0.35m	fresh water	stream	water	USA: Upper Oconnee Watershed, Georgia	filtration	-80C
501	SAMN05182432	SRX1805127	NORO503_SP14	47	28	SRR3598088	SRS1470949	NORO503_SP14	12-Apr-2014	46.4	33.9545 N 83.3659 W	NA	NA	12.4 NTU	46.49 uM	AMPLICON	PRJNA323602	MIMARKS.survey	UNIVERSITY OF GEORGIA	public	sra	ncbi	0	Illumina MiSeq	PAIRED	PCR	METAGENOMIC	2016-05-28	freshwater metagenome	ILLUMINA	2016-05-31	SRP075852	0.13 -0.35m	fresh water	stream	water	USA: Upper Oconnee Watershed, Georgia	filtration	-80C
501	SAMN05182433	SRX1805128	NORO504_SP14	57	34	SRR3598089	SRS1470950	NORO504_SP14	12-Apr-2014	79.6	33.9526 N 83.3594 W	NA	NA	3.61 NTU	179.36 uM	AMPLICON	PRJNA323602	MIMARKS.survey	UNIVERSITY OF GEORGIA	public	sra	ncbi	0	Illumina MiSeq	PAIRED	PCR	METAGENOMIC	2016-05-28	freshwater metagenome	ILLUMINA	2016-05-31	SRP075852	0.13 -0.35m	fresh water	stream	water	USA: Upper Oconnee Watershed, Georgia	filtration	-80C
500	SAMN05182434	SRX1805129	NORO505_SP14	8	5	SRR3598090	SRS1470951	NORO505_SP14	12-Apr-2014	49.4	33.9731 N 83.3328 W	NA	NA	32.4 NTU	25.64 uM	AMPLICON	PRJNA323602	MIMARKS.survey	UNIVERSITY OF GEORGIA	public	sra	ncbi	0	Illumina MiSeq	PAIRED	PCR	METAGENOMIC	2016-05-28	freshwater metagenome	ILLUMINA	2016-05-31	SRP075852	0.13 -0.35m	fresh water	stream	water	USA: Upper Oconnee Watershed, Georgia	filtration	-80C
501	SAMN05182435	SRX1805130	NORO506_SP14	63	38	SRR3598091	SRS1470952	NORO506_SP14	12-Apr-2014	37.8	33.9669 N 83.3906 W	NA	NA	6.66 NTU	7.58 uM	AMPLICON	PRJNA323602	MIMARKS.survey	UNIVERSITY OF GEORGIA	public	sra	ncbi	0	Illumina MiSeq	PAIRED	PCR	METAGENOMIC	2016-05-28	freshwater metagenome	ILLUMINA	2016-05-31	SRP075852	0.13 -0.35m	fresh water	stream	water	USA: Upper Oconnee Watershed, Georgia	filtration	-80C
501	SAMN05182436	SRX1805131	NORO510_SP14	87	51	SRR3598092	SRS1470953	NORO510_SP14	12-Apr-2014	48.2	33.957 N 83.3665 W	NA	NA	33 NTU	52.03 uM	AMPLICON	PRJNA323602	MIMARKS.survey	UNIVERSITY OF GEORGIA	public	sra	ncbi	0	Illumina MiSeq	PAIRED	PCR	METAGENOMIC	2016-05-28	freshwater metagenome	ILLUMINA	2016-05-31	SRP075852	0.13 -0.35m	fresh water	stream	water	USA: Upper Oconnee Watershed, Georgia	filtration	-80C
501	SAMN05182437	SRX1805132	NORO511_SP14	50	31	SRR3598093	SRS1470954	NORO511_SP14	12-Apr-2014	51	33.9785 N 83.3379 W	NA	NA	14.1 NTU	57.48 uM	AMPLICON	PRJNA323602	MIMARKS.survey	UNIVERSITY OF GEORGIA	public	sra	ncbi	0	Illumina MiSeq	PAIRED	PCR	METAGENOMIC	2016-05-28	freshwater metagenome	ILLUMINA	2016-05-31	SRP075852	0.13 -0.35m	fresh water	stream	water	USA: Upper Oconnee Watershed, Georgia	filtration	-80C
501	SAMN05182438	SRX1805133	NORO512_SP14	53	32	SRR3598094	SRS1470956	NORO512_SP14	12-Apr-2014	48.5	33.9772 N 83.3278 W	NA	NA	15.5 NTU	58.03 uM	AMPLICON	PRJNA323602	MIMARKS.survey	UNIVERSITY OF GEORGIA	public	sra	ncbi	0	Illumina MiSeq	PAIRED	PCR	METAGENOMIC	2016-05-28	freshwater metagenome	ILLUMINA	2016-05-31	SRP075852	0.13 -0.35m	fresh water	stream	water	USA: Upper Oconnee Watershed, Georgia	filtration	-80C
500	SAMN05182439	SRX1805134	NORO513_SP14	52	31	SRR3598095	SRS1470955	NORO513_SP14	12-Apr-2014	42.3	33.9891 N 83.3508 W	NA	NA	19.2 NTU	43.51 uM	AMPLICON	PRJNA323602	MIMARKS.survey	UNIVERSITY OF GEORGIA	public	sra	ncbi	0	Illumina MiSeq	PAIRED	PCR	METAGENOMIC	2016-05-28	freshwater metagenome	ILLUMINA	2016-05-31	SRP075852	0.13 -0.35m	fresh water	stream	water	USA: Upper Oconnee Watershed, Georgia	filtration	-80C
501	SAMN05182440	SRX1805135	NORO514_SP14	28	17	SRR3598096	SRS1470958	NORO514_SP14	12-Apr-2014	52.6	33.974 N 83.3524 W	NA	NA	15.1 NTU	55.37 uM	AMPLICON	PRJNA323602	MIMARKS.survey	UNIVERSITY OF GEORGIA	public	sra	ncbi	0	Illumina MiSeq	PAIRED	PCR	METAGENOMIC	2016-05-28	freshwater metagenome	ILLUMINA	2016-05-31	SRP075852	0.13 -0.35m	fresh water	stream	water	USA: Upper Oconnee Watershed, Georgia	filtration	-80C
501	SAMN05182243	SRX1805136	MIDO101_SP13	155	108	SRR3598097	SRS1470957	MIDO101_SP13	20-Apr-2013	46.4	33.9987 N 83.4954 W	0.4 mg/l	7.6	6.82 NTU	19.4 uM	AMPLICON	PRJNA323602	MIMARKS.survey	UNIVERSITY OF GEORGIA	public	sra	ncbi	0	Illumina MiSeq	PAIRED	PCR	METAGENOMIC	2016-05-28	freshwater metagenome	ILLUMINA	2016-05-31	SRP075852	0.13 -0.35m	fresh water	stream	water	USA: Upper Oconnee Watershed, Georgia	filtration	-80C
501	SAMN05182261	SRX1805137	MIDO709_SP13	52	35	SRR3598098	SRS1470959	MIDO709_SP13	20-Apr-2013	71.9	33.8664 N 83.4036 W	NA	7.3	5.99 NTU	195.47 uM	AMPLICON	PRJNA323602	MIMARKS.survey	UNIVERSITY OF GEORGIA	public	sra	ncbi	0	Illumina MiSeq	PAIRED	PCR	METAGENOMIC	2016-05-28	freshwater metagenome	ILLUMINA	2016-05-31	SRP075852	0.13 -0.35m	fresh water	stream	water	USA: Upper Oconnee Watershed, Georgia	filtration	-80C
501	SAMN05182441	SRX1805138	NORO515_SP14	73	43	SRR3598099	SRS1470960	NORO515_SP14	12-Apr-2014	43.4	33.9606 N 83.3626 W	NA	NA	15.3 NTU	37.25 uM	AMPLICON	PRJNA323602	MIMARKS.survey	UNIVERSITY OF GEORGIA	public	sra	ncbi	0	Illumina MiSeq	PAIRED	PCR	METAGENOMIC	2016-05-28	freshwater metagenome	ILLUMINA	2016-05-31	SRP075852	0.13 -0.35m	fresh water	stream	water	USA: Upper Oconnee Watershed, Georgia	filtration	-80C
501	SAMN05182442	SRX1805139	NORO516_SP14	72	43	SRR3598100	SRS1470961	NORO516_SP14	12-Apr-2014	176.2	33.9629 N 83.3805 W	NA	NA	2.39 NTU	200.14 uM	AMPLICON	PRJNA323602	MIMARKS.survey	UNIVERSITY OF GEORGIA	public	sra	ncbi	0	Illumina MiSeq	PAIRED	PCR	METAGENOMIC	2016-05-28	freshwater metagenome	ILLUMINA	2016-05-31	SRP075852	0.13 -0.35m	fresh water	stream	water	USA: Upper Oconnee Watershed, Georgia	filtration	-80C
501	SAMN05182443	SRX1805140	NORO517_SP14	90	54	SRR3598101	SRS1470962	NORO517_SP14	12-Apr-2014	115.5	33.968 N 83.3792 W	NA	NA	4.19 NTU	122.78 uM	AMPLICON	PRJNA323602	MIMARKS.survey	UNIVERSITY OF GEORGIA	public	sra	ncbi	0	Illumina MiSeq	PAIRED	PCR	METAGENOMIC	2016-05-28	freshwater metagenome	ILLUMINA	2016-05-31	SRP075852	0.13 -0.35m	fresh water	stream	water	USA: Upper Oconnee Watershed, Georgia	filtration	-80C
501	SAMN05182444	SRX1805141	NORO518_SP14	67	39	SRR3598102	SRS1470963	NORO518_SP14	12-Apr-2014	60	33.966445 N 83.397939 W	NA	NA	32.8 NTU	50.66 uM	AMPLICON	PRJNA323602	MIMARKS.survey	UNIVERSITY OF GEORGIA	public	sra	ncbi	0	Illumina MiSeq	PAIRED	PCR	METAGENOMIC	2016-05-28	freshwater metagenome	ILLUMINA	2016-05-31	SRP075852	0.13 -0.35m	fresh water	stream	water	USA: Upper Oconnee Watershed, Georgia	filtration	-80C
501	SAMN05182445	SRX1805142	NORO519_SP14	54	32	SRR3598103	SRS1470964	NORO519_SP14	12-Apr-2014	119.2	33.9914 N 83.3141 W	NA	NA	5.36 NTU	28.31 uM	AMPLICON	PRJNA323602	MIMARKS.survey	UNIVERSITY OF GEORGIA	public	sra	ncbi	0	Illumina MiSeq	PAIRED	PCR	METAGENOMIC	2016-05-28	freshwater metagenome	ILLUMINA	2016-05-31	SRP075852	0.13 -0.35m	fresh water	stream	water	USA: Upper Oconnee Watershed, Georgia	filtration	-80C
501	SAMN05182446	SRX1805143	NORO520_SP14	63	38	SRR3598104	SRS1470965	NORO520_SP14	12-Apr-2014	34.9	33.9764 N 83.3899 W	NA	NA	11 NTU	107.3 uM	AMPLICON	PRJNA323602	MIMARKS.survey	UNIVERSITY OF GEORGIA	public	sra	ncbi	0	Illumina MiSeq	PAIRED	PCR	METAGENOMIC	2016-05-28	freshwater metagenome	ILLUMINA	2016-05-31	SRP075852	0.13 -0.35m	fresh water	stream	water	USA: Upper Oconnee Watershed, Georgia	filtration	-80C
501	SAMN05182447	SRX1805144	NORO605_SP14	57	34	SRR3598105	SRS1470966	NORO605_SP14	12-Apr-2014	63.6	33.9323 N 83.3594 W	NA	NA	8.98 NTU	73.78 uM	AMPLICON	PRJNA323602	MIMARKS.survey	UNIVERSITY OF GEORGIA	public	sra	ncbi	0	Illumina MiSeq	PAIRED	PCR	METAGENOMIC	2016-05-28	freshwater metagenome	ILLUMINA	2016-05-31	SRP075852	0.13 -0.35m	fresh water	stream	water	USA: Upper Oconnee Watershed, Georgia	filtration	-80C
501	SAMN05182448	SRX1805145	NORO609_SP14	79	47	SRR3598106	SRS1470967	NORO609_SP14	12-Apr-2014	62.7	33.9077 N 83.3599 W	NA	NA	25.9 NTU	65.31 uM	AMPLICON	PRJNA323602	MIMARKS.survey	UNIVERSITY OF GEORGIA	public	sra	ncbi	0	Illumina MiSeq	PAIRED	PCR	METAGENOMIC	2016-05-28	freshwater metagenome	ILLUMINA	2016-05-31	SRP075852	0.13 -0.35m	fresh water	stream	water	USA: Upper Oconnee Watershed, Georgia	filtration	-80C
501	SAMN05182449	SRX1805146	NORO610_SP14	80	47	SRR3598107	SRS1470968	NORO610_SP14	12-Apr-2014	51.3	33.9522 N 83.3687 W	NA	NA	25 NTU	49.57 uM	AMPLICON	PRJNA323602	MIMARKS.survey	UNIVERSITY OF GEORGIA	public	sra	ncbi	0	Illumina MiSeq	PAIRED	PCR	METAGENOMIC	2016-05-28	freshwater metagenome	ILLUMINA	2016-05-31	SRP075852	0.13 -0.35m	fresh water	stream	water	USA: Upper Oconnee Watershed, Georgia	filtration	-80C
501	SAMN05182450	SRX1805147	NORO612_SP14	44	26	SRR3598108	SRS1470969	NORO612_SP14	12-Apr-2014	73	33.9393 N 83.3338 W	NA	NA	7.44 NTU	89.96 uM	AMPLICON	PRJNA323602	MIMARKS.survey	UNIVERSITY OF GEORGIA	public	sra	ncbi	0	Illumina MiSeq	PAIRED	PCR	METAGENOMIC	2016-05-28	freshwater metagenome	ILLUMINA	2016-05-31	SRP075852	0.13 -0.35m	fresh water	stream	water	USA: Upper Oconnee Watershed, Georgia	filtration	-80C
502	SAMN05182262	SRX1805148	MIDO712_SP13	89	61	SRR3598109	SRS1470970	MIDO712_SP13	20-Apr-2013	81.6	33.867468 N 83.416044 W	NA	7.5	5.38 NTU	104.09 uM	AMPLICON	PRJNA323602	MIMARKS.survey	UNIVERSITY OF GEORGIA	public	sra	ncbi	0	Illumina MiSeq	PAIRED	PCR	METAGENOMIC	2016-05-28	freshwater metagenome	ILLUMINA	2016-05-31	SRP075852	0.13 -0.35m	fresh water	stream	water	USA: Upper Oconnee Watershed, Georgia	filtration	-80C
501	SAMN05182451	SRX1805149	NORO618_SP14	79	46	SRR3598110	SRS1470971	NORO618_SP14	12-Apr-2014	100.6	33.9481 N 83.3799 W	NA	NA	72.6 NTU	105.58 uM	AMPLICON	PRJNA323602	MIMARKS.survey	UNIVERSITY OF GEORGIA	public	sra	ncbi	0	Illumina MiSeq	PAIRED	PCR	METAGENOMIC	2016-05-28	freshwater metagenome	ILLUMINA	2016-05-31	SRP075852	0.13 -0.35m	fresh water	stream	water	USA: Upper Oconnee Watershed, Georgia	filtration	-80C
501	SAMN05182263	SRX1805150	MIDO719_SP13	81	56	SRR3598111	SRS1470972	MIDO719_SP13	20-Apr-2013	81.3	33.8906 N 83.3765 W	0.7 mg/l	7.5	14.9 NTU	79.74 uM	AMPLICON	PRJNA323602	MIMARKS.survey	UNIVERSITY OF GEORGIA	public	sra	ncbi	0	Illumina MiSeq	PAIRED	PCR	METAGENOMIC	2016-05-28	freshwater metagenome	ILLUMINA	2016-05-31	SRP075852	0.13 -0.35m	fresh water	stream	water	USA: Upper Oconnee Watershed, Georgia	filtration	-80C
502	SAMN05182264	SRX1805151	MIDO726_SP13	123	84	SRR3598112	SRS1470973	MIDO726_SP13	20-Apr-2013	60.2	33.8772 N 83.3998 W	NA	7.6	9.72 NTU	61.35 uM	AMPLICON	PRJNA323602	MIMARKS.survey	UNIVERSITY OF GEORGIA	public	sra	ncbi	0	Illumina MiSeq	PAIRED	PCR	METAGENOMIC	2016-05-28	freshwater metagenome	ILLUMINA	2016-05-31	SRP075852	0.13 -0.35m	fresh water	stream	water	USA: Upper Oconnee Watershed, Georgia	filtration	-80C
501	SAMN05182265	SRX1805152	MIDO801_SP13	184	126	SRR3598113	SRS1470974	MIDO801_SP13	20-Apr-2013	80.2	33.9576 N 83.438 W	0.6 mg/l	7.4	16.9 NTU	73.72 uM	AMPLICON	PRJNA323602	MIMARKS.survey	UNIVERSITY OF GEORGIA	public	sra	ncbi	0	Illumina MiSeq	PAIRED	PCR	METAGENOMIC	2016-05-28	freshwater metagenome	ILLUMINA	2016-05-31	SRP075852	0.13 -0.35m	fresh water	stream	water	USA: Upper Oconnee Watershed, Georgia	filtration	-80C
502	SAMN05182266	SRX1805153	MIDO802_SP13	126	86	SRR3598114	SRS1470975	MIDO802_SP13	20-Apr-2013	79.9	33.958 N 83.4368 W	0.6 mg/l	7.5	5.2 NTU	50.03 uM	AMPLICON	PRJNA323602	MIMARKS.survey	UNIVERSITY OF GEORGIA	public	sra	ncbi	0	Illumina MiSeq	PAIRED	PCR	METAGENOMIC	2016-05-28	freshwater metagenome	ILLUMINA	2016-05-31	SRP075852	0.13 -0.35m	fresh water	stream	water	USA: Upper Oconnee Watershed, Georgia	filtration	-80C
501	SAMN05182267	SRX1805154	MIDO804_SP13	81	55	SRR3598115	SRS1470976	MIDO804_SP13	20-Apr-2013	36.2	33.9743 N 83.425 W	0.8 mg/l	7.7	4.64 NTU	59.9 uM	AMPLICON	PRJNA323602	MIMARKS.survey	UNIVERSITY OF GEORGIA	public	sra	ncbi	0	Illumina MiSeq	PAIRED	PCR	METAGENOMIC	2016-05-28	freshwater metagenome	ILLUMINA	2016-05-31	SRP075852	0.13 -0.35m	fresh water	stream	water	USA: Upper Oconnee Watershed, Georgia	filtration	-80C
501	SAMN05182268	SRX1805155	MIDO805_SP13	105	71	SRR3598116	SRS1470977	MIDO805_SP13	20-Apr-2013	35	33.9746 N 83.4241 W	0.3 mg/l	7.6	8.21 NTU	59.55 uM	AMPLICON	PRJNA323602	MIMARKS.survey	UNIVERSITY OF GEORGIA	public	sra	ncbi	0	Illumina MiSeq	PAIRED	PCR	METAGENOMIC	2016-05-28	freshwater metagenome	ILLUMINA	2016-05-31	SRP075852	0.13 -0.35m	fresh water	stream	water	USA: Upper Oconnee Watershed, Georgia	filtration	-80C
501	SAMN05182269	SRX1805156	MIDO806_SP13	75	51	SRR3598117	SRS1470978	MIDO806_SP13	20-Apr-2013	58.3	33.952876 N 83.480387 W	0.3 mg/l	7.5	5.57 NTU	20.94 uM	AMPLICON	PRJNA323602	MIMARKS.survey	UNIVERSITY OF GEORGIA	public	sra	ncbi	0	Illumina MiSeq	PAIRED	PCR	METAGENOMIC	2016-05-28	freshwater metagenome	ILLUMINA	2016-05-31	SRP075852	0.13 -0.35m	fresh water	stream	water	USA: Upper Oconnee Watershed, Georgia	filtration	-80C
502	SAMN05182270	SRX1805157	MIDO810_SP13	87	59	SRR3598118	SRS1470979	MIDO810_SP13	20-Apr-2013	59.7	33.9612 N 83.4714 W	NA	7.4	6.69 NTU	25.71 uM	AMPLICON	PRJNA323602	MIMARKS.survey	UNIVERSITY OF GEORGIA	public	sra	ncbi	0	Illumina MiSeq	PAIRED	PCR	METAGENOMIC	2016-05-28	freshwater metagenome	ILLUMINA	2016-05-31	SRP075852	0.13 -0.35m	fresh water	stream	water	USA: Upper Oconnee Watershed, Georgia	filtration	-80C
502	SAMN05182244	SRX1805158	MIDO301_SP13	77	52	SRR3598119	SRS1470980	MIDO301_SP13	20-Apr-2013	50.5	33.9683 N 83.4971 W	0.3 mg/l	7.7	4.08 NTU	13.2 uM	AMPLICON	PRJNA323602	MIMARKS.survey	UNIVERSITY OF GEORGIA	public	sra	ncbi	0	Illumina MiSeq	PAIRED	PCR	METAGENOMIC	2016-05-28	freshwater metagenome	ILLUMINA	2016-05-31	SRP075852	0.13 -0.35m	fresh water	stream	water	USA: Upper Oconnee Watershed, Georgia	filtration	-80C
502	SAMN05182271	SRX1805159	MIDO811_SP13	71	49	SRR3598120	SRS1470981	MIDO811_SP13	20-Apr-2013	70.2	33.9567 N 83.4177 W	NA	7.3	6.15 NTU	113.69 uM	AMPLICON	PRJNA323602	MIMARKS.survey	UNIVERSITY OF GEORGIA	public	sra	ncbi	0	Illumina MiSeq	PAIRED	PCR	METAGENOMIC	2016-05-28	freshwater metagenome	ILLUMINA	2016-05-31	SRP075852	0.13 -0.35m	fresh water	stream	water	USA: Upper Oconnee Watershed, Georgia	filtration	-80C
502	SAMN05182272	SRX1805160	MIDO812_SP13	88	58	SRR3598121	SRS1470982	MIDO812_SP13	20-Apr-2013	45.5	33.9347 N 83.4084 W	0.9 mg/l	7.4	1.92 NTU	111.03 uM	AMPLICON	PRJNA323602	MIMARKS.survey	UNIVERSITY OF GEORGIA	public	sra	ncbi	0	Illumina MiSeq	PAIRED	PCR	METAGENOMIC	2016-05-28	freshwater metagenome	ILLUMINA	2016-05-31	SRP075852	0.13 -0.35m	fresh water	stream	water	USA: Upper Oconnee Watershed, Georgia	filtration	-80C
502	SAMN05182273	SRX1805161	MIDO813_SP13	122	82	SRR3598122	SRS1470983	MIDO813_SP13	20-Apr-2013	82.6	33.9638 N 83.444 W	NA	7.5	19 NTU	72.43 uM	AMPLICON	PRJNA323602	MIMARKS.survey	UNIVERSITY OF GEORGIA	public	sra	ncbi	0	Illumina MiSeq	PAIRED	PCR	METAGENOMIC	2016-05-28	freshwater metagenome	ILLUMINA	2016-05-31	SRP075852	0.13 -0.35m	fresh water	stream	water	USA: Upper Oconnee Watershed, Georgia	filtration	-80C
502	SAMN05182274	SRX1805162	MIDO814_SP13	65	44	SRR3598133	SRS1470984	MIDO814_SP13	20-Apr-2013	32.2	33.94 N 83.4091 W	NA	7.1	3.65 NTU	94.07 uM	AMPLICON	PRJNA323602	MIMARKS.survey	UNIVERSITY OF GEORGIA	public	sra	ncbi	0	Illumina MiSeq	PAIRED	PCR	METAGENOMIC	2016-05-28	freshwater metagenome	ILLUMINA	2016-05-31	SRP075852	0.13 -0.35m	fresh water	stream	water	USA: Upper Oconnee Watershed, Georgia	filtration	-80C
502	SAMN05182275	SRX1805163	MIDO816_SP13	79	53	SRR3598134	SRS1470985	MIDO816_SP13	20-Apr-2013	63.5	33.9744 N 83.4539 W	NA	4.5	4.94 NTU	33.03 uM	AMPLICON	PRJNA323602	MIMARKS.survey	UNIVERSITY OF GEORGIA	public	sra	ncbi	0	Illumina MiSeq	PAIRED	PCR	METAGENOMIC	2016-05-28	freshwater metagenome	ILLUMINA	2016-05-31	SRP075852	0.13 -0.35m	fresh water	stream	water	USA: Upper Oconnee Watershed, Georgia	filtration	-80C
502	SAMN05182276	SRX1805164	MIDO817_SP13	54	36	SRR3598135	SRS1470986	MIDO817_SP13	20-Apr-2013	64.5	33.988018 N 83.448036 W	NA	5.5	5.94 NTU	26.52 uM	AMPLICON	PRJNA323602	MIMARKS.survey	UNIVERSITY OF GEORGIA	public	sra	ncbi	0	Illumina MiSeq	PAIRED	PCR	METAGENOMIC	2016-05-28	freshwater metagenome	ILLUMINA	2016-05-31	SRP075852	0.13 -0.35m	fresh water	stream	water	USA: Upper Oconnee Watershed, Georgia	filtration	-80C
502	SAMN05182277	SRX1805165	MIDO818_SP13	50	33	SRR3598136	SRS1470987	MIDO818_SP13	20-Apr-2013	88.7	33.936785 N 83.402523 W	0.2 mg/l	7.5	5.9 NTU	60.15 uM	AMPLICON	PRJNA323602	MIMARKS.survey	UNIVERSITY OF GEORGIA	public	sra	ncbi	0	Illumina MiSeq	PAIRED	PCR	METAGENOMIC	2016-05-28	freshwater metagenome	ILLUMINA	2016-05-31	SRP075852	0.13 -0.35m	fresh water	stream	water	USA: Upper Oconnee Watershed, Georgia	filtration	-80C
501	SAMN05182278	SRX1805166	MIDO820_SP13	38	26	SRR3598137	SRS1470988	MIDO820_SP13	20-Apr-2013	NA	33.9893 N 83.457 W	NA	NA	NA NTU	42.99 uM	AMPLICON	PRJNA323602	MIMARKS.survey	UNIVERSITY OF GEORGIA	public	sra	ncbi	0	Illumina MiSeq	PAIRED	PCR	METAGENOMIC	2016-05-28	freshwater metagenome	ILLUMINA	2016-05-31	SRP075852	0.13 -0.35m	fresh water	stream	water	USA: Upper Oconnee Watershed, Georgia	filtration	-80C
502	SAMN05182279	SRX1805167	MIDO825_SP13	8	5	SRR3598138	SRS1470989	MIDO825_SP13	20-Apr-2013	68.6	33.9576 N 83.4006 W	0.5 mg/l	7.3	3.69 NTU	55.79 uM	AMPLICON	PRJNA323602	MIMARKS.survey	UNIVERSITY OF GEORGIA	public	sra	ncbi	0	Illumina MiSeq	PAIRED	PCR	METAGENOMIC	2016-05-28	freshwater metagenome	ILLUMINA	2016-05-31	SRP075852	0.13 -0.35m	fresh water	stream	water	USA: Upper Oconnee Watershed, Georgia	filtration	-80C
501	SAMN05182280	SRX1805168	MIDO828_SP13	74	50	SRR3598139	SRS1470990	MIDO828_SP13	20-Apr-2013	65.2	33.9246 N 83.3896 W	0.4 mg/l	7.4	8.36 NTU	38.34 uM	AMPLICON	PRJNA323602	MIMARKS.survey	UNIVERSITY OF GEORGIA	public	sra	ncbi	0	Illumina MiSeq	PAIRED	PCR	METAGENOMIC	2016-05-28	freshwater metagenome	ILLUMINA	2016-05-31	SRP075852	0.13 -0.35m	fresh water	stream	water	USA: Upper Oconnee Watershed, Georgia	filtration	-80C
502	SAMN05182245	SRX1805169	MIDO305_SP13	56	37	SRR3598140	SRS1470991	MIDO305_SP13	20-Apr-2013	47.4	33.995833 N 83.56382 W	NA	7.6	7.68 NTU	60.7 uM	AMPLICON	PRJNA323602	MIMARKS.survey	UNIVERSITY OF GEORGIA	public	sra	ncbi	0	Illumina MiSeq	PAIRED	PCR	METAGENOMIC	2016-05-28	freshwater metagenome	ILLUMINA	2016-05-31	SRP075852	0.13 -0.35m	fresh water	stream	water	USA: Upper Oconnee Watershed, Georgia	filtration	-80C
501	SAMN05182281	SRX1805170	MIDO831_SP13	52	36	SRR3598149	SRS1470992	MIDO831_SP13	20-Apr-2013	105.7	33.9418 N 83.4016 W	NA	7.1	3.76 NTU	87.27 uM	AMPLICON	PRJNA323602	MIMARKS.survey	UNIVERSITY OF GEORGIA	public	sra	ncbi	0	Illumina MiSeq	PAIRED	PCR	METAGENOMIC	2016-05-28	freshwater metagenome	ILLUMINA	2016-05-31	SRP075852	0.13 -0.35m	fresh water	stream	water	USA: Upper Oconnee Watershed, Georgia	filtration	-80C
501	SAMN05182282	SRX1805171	NORO102_SP13	64	44	SRR3598150	SRS1470993	NORO102_SP13	20-Apr-2013	86.8	34.0337 N 83.4399 W	NA	7.1	19.7 NTU	62.95 uM	AMPLICON	PRJNA323602	MIMARKS.survey	UNIVERSITY OF GEORGIA	public	sra	ncbi	0	Illumina MiSeq	PAIRED	PCR	METAGENOMIC	2016-05-28	freshwater metagenome	ILLUMINA	2016-05-31	SRP075852	0.13 -0.35m	fresh water	stream	water	USA: Upper Oconnee Watershed, Georgia	filtration	-80C
501	SAMN05182283	SRX1805172	NORO108_SP13	75	50	SRR3598151	SRS1470994	NORO108_SP13	20-Apr-2013	67	33.994 N 83.4007 W	NA	7.2	6.17 NTU	39.38 uM	AMPLICON	PRJNA323602	MIMARKS.survey	UNIVERSITY OF GEORGIA	public	sra	ncbi	0	Illumina MiSeq	PAIRED	PCR	METAGENOMIC	2016-05-28	freshwater metagenome	ILLUMINA	2016-05-31	SRP075852	0.13 -0.35m	fresh water	stream	water	USA: Upper Oconnee Watershed, Georgia	filtration	-80C
501	SAMN05182284	SRX1805173	NORO110_SP13	50	34	SRR3598152	SRS1470995	NORO110_SP13	20-Apr-2013	84.8	34.0672 N 83.463 W	NA	7.4	17.7 NTU	34.69 uM	AMPLICON	PRJNA323602	MIMARKS.survey	UNIVERSITY OF GEORGIA	public	sra	ncbi	0	Illumina MiSeq	PAIRED	PCR	METAGENOMIC	2016-05-28	freshwater metagenome	ILLUMINA	2016-05-31	SRP075852	0.13 -0.35m	fresh water	stream	water	USA: Upper Oconnee Watershed, Georgia	filtration	-80C
501	SAMN05182285	SRX1805174	NORO111_SP13	29	20	SRR3598153	SRS1470996	NORO111_SP13	20-Apr-2013	66.4	34.06142 N 83.442492 W	NA	7.5	14.9 NTU	53.57 uM	AMPLICON	PRJNA323602	MIMARKS.survey	UNIVERSITY OF GEORGIA	public	sra	ncbi	0	Illumina MiSeq	PAIRED	PCR	METAGENOMIC	2016-05-28	freshwater metagenome	ILLUMINA	2016-05-31	SRP075852	0.13 -0.35m	fresh water	stream	water	USA: Upper Oconnee Watershed, Georgia	filtration	-80C
501	SAMN05182286	SRX1805175	NORO114_SP13	104	72	SRR3598154	SRS1470997	NORO114_SP13	20-Apr-2013	91.1	34.0106 N 83.4067 W	NA	7.2	20 NTU	65.64 uM	AMPLICON	PRJNA323602	MIMARKS.survey	UNIVERSITY OF GEORGIA	public	sra	ncbi	0	Illumina MiSeq	PAIRED	PCR	METAGENOMIC	2016-05-28	freshwater metagenome	ILLUMINA	2016-05-31	SRP075852	0.13 -0.35m	fresh water	stream	water	USA: Upper Oconnee Watershed, Georgia	filtration	-80C
502	SAMN05182287	SRX1805176	NORO115_SP13	25	17	SRR3598155	SRS1470998	NORO115_SP13	20-Apr-2013	22.1	34.0293 N 83.4619 W	NA	7.6	4.31 NTU	26.32 uM	AMPLICON	PRJNA323602	MIMARKS.survey	UNIVERSITY OF GEORGIA	public	sra	ncbi	0	Illumina MiSeq	PAIRED	PCR	METAGENOMIC	2016-05-28	freshwater metagenome	ILLUMINA	2016-05-31	SRP075852	0.13 -0.35m	fresh water	stream	water	USA: Upper Oconnee Watershed, Georgia	filtration	-80C
502	SAMN05182288	SRX1805177	NORO117_SP13	45	30	SRR3598156	SRS1470999	NORO117_SP13	20-Apr-2013	44.2	34.048307 N 83.473621 W	NA	7.5	4.26 NTU	65.42 uM	AMPLICON	PRJNA323602	MIMARKS.survey	UNIVERSITY OF GEORGIA	public	sra	ncbi	0	Illumina MiSeq	PAIRED	PCR	METAGENOMIC	2016-05-28	freshwater metagenome	ILLUMINA	2016-05-31	SRP075852	0.13 -0.35m	fresh water	stream	water	USA: Upper Oconnee Watershed, Georgia	filtration	-80C
501	SAMN05182289	SRX1805178	NORO401_SP13	253	172	SRR3598157	SRS1471000	NORO401_SP13	20-Apr-2013	27	33.9805 N 83.382 W	0.2 mg/l	7.3	9.25 NTU	36.12 uM	AMPLICON	PRJNA323602	MIMARKS.survey	UNIVERSITY OF GEORGIA	public	sra	ncbi	0	Illumina MiSeq	PAIRED	PCR	METAGENOMIC	2016-05-28	freshwater metagenome	ILLUMINA	2016-05-31	SRP075852	0.13 -0.35m	fresh water	stream	water	USA: Upper Oconnee Watershed, Georgia	filtration	-80C
501	SAMN05182290	SRX1805179	NORO402_SP13	66	45	SRR3598158	SRS1471001	NORO402_SP13	20-Apr-2013	49.3	34.0647 N 83.3659 W	NA	7.3	6.8 NTU	22.01 uM	AMPLICON	PRJNA323602	MIMARKS.survey	UNIVERSITY OF GEORGIA	public	sra	ncbi	0	Illumina MiSeq	PAIRED	PCR	METAGENOMIC	2016-05-28	freshwater metagenome	ILLUMINA	2016-05-31	SRP075852	0.13 -0.35m	fresh water	stream	water	USA: Upper Oconnee Watershed, Georgia	filtration	-80C
502	SAMN05182246	SRX1805180	MIDO316_SP13	162	109	SRR3598159	SRS1471002	MIDO316_SP13	20-Apr-2013	51.5	33.966021 N 83.514695 W	0.5 mg/l	7.6	6.69 NTU	35.23 uM	AMPLICON	PRJNA323602	MIMARKS.survey	UNIVERSITY OF GEORGIA	public	sra	ncbi	0	Illumina MiSeq	PAIRED	PCR	METAGENOMIC	2016-05-28	freshwater metagenome	ILLUMINA	2016-05-31	SRP075852	0.13 -0.35m	fresh water	stream	water	USA: Upper Oconnee Watershed, Georgia	filtration	-80C
501	SAMN05182291	SRX1805181	NORO403_SP13	264	180	SRR3598160	SRS1471003	NORO403_SP13	20-Apr-2013	NA	34.0634 N 83.3452 W	NA	NA	NA NTU	17.87 uM	AMPLICON	PRJNA323602	MIMARKS.survey	UNIVERSITY OF GEORGIA	public	sra	ncbi	0	Illumina MiSeq	PAIRED	PCR	METAGENOMIC	2016-05-28	freshwater metagenome	ILLUMINA	2016-05-31	SRP075852	0.13 -0.35m	fresh water	stream	water	USA: Upper Oconnee Watershed, Georgia	filtration	-80C
502	SAMN05182292	SRX1805182	NORO404_SP13	73	49	SRR3598161	SRS1471004	NORO404_SP13	20-Apr-2013	56.5	34.0248 N 83.3811 W	0.4 mg/l	7.3	5.49 NTU	32.1 uM	AMPLICON	PRJNA323602	MIMARKS.survey	UNIVERSITY OF GEORGIA	public	sra	ncbi	0	Illumina MiSeq	PAIRED	PCR	METAGENOMIC	2016-05-28	freshwater metagenome	ILLUMINA	2016-05-31	SRP075852	0.13 -0.35m	fresh water	stream	water	USA: Upper Oconnee Watershed, Georgia	filtration	-80C
501	SAMN05182293	SRX1805183	NORO405_SP13	54	37	SRR3598162	SRS1471005	NORO405_SP13	20-Apr-2013	46.5	34.007666 N 83.364893 W	NA	7.7	10.25 NTU	46.05 uM	AMPLICON	PRJNA323602	MIMARKS.survey	UNIVERSITY OF GEORGIA	public	sra	ncbi	0	Illumina MiSeq	PAIRED	PCR	METAGENOMIC	2016-05-28	freshwater metagenome	ILLUMINA	2016-05-31	SRP075852	0.13 -0.35m	fresh water	stream	water	USA: Upper Oconnee Watershed, Georgia	filtration	-80C
502	SAMN05182294	SRX1805184	NORO407_SP13	123	83	SRR3598163	SRS1471007	NORO407_SP13	20-Apr-2013	NA	34.0211 N 83.3687 W	NA	NA	NA NTU	41.94 uM	AMPLICON	PRJNA323602	MIMARKS.survey	UNIVERSITY OF GEORGIA	public	sra	ncbi	0	Illumina MiSeq	PAIRED	PCR	METAGENOMIC	2016-05-28	freshwater metagenome	ILLUMINA	2016-05-31	SRP075852	0.13 -0.35m	fresh water	stream	water	USA: Upper Oconnee Watershed, Georgia	filtration	-80C
502	SAMN05182295	SRX1805185	NORO501_SP13	171	117	SRR3598164	SRS1471006	NORO501_SP13	20-Apr-2013	67.1	33.9772 N 83.3318 W	0 mg/l	7.5	21.8 NTU	56.14 uM	AMPLICON	PRJNA323602	MIMARKS.survey	UNIVERSITY OF GEORGIA	public	sra	ncbi	0	Illumina MiSeq	PAIRED	PCR	METAGENOMIC	2016-05-28	freshwater metagenome	ILLUMINA	2016-05-31	SRP075852	0.13 -0.35m	fresh water	stream	water	USA: Upper Oconnee Watershed, Georgia	filtration	-80C
502	SAMN05182296	SRX1805186	NORO502_SP13	54	36	SRR3598165	SRS1471008	NORO502_SP13	20-Apr-2013	76.4	33.9692 N 83.3883 W	1.6 mg/l	6.8	5.56 NTU	133.22 uM	AMPLICON	PRJNA323602	MIMARKS.survey	UNIVERSITY OF GEORGIA	public	sra	ncbi	0	Illumina MiSeq	PAIRED	PCR	METAGENOMIC	2016-05-28	freshwater metagenome	ILLUMINA	2016-05-31	SRP075852	0.13 -0.35m	fresh water	stream	water	USA: Upper Oconnee Watershed, Georgia	filtration	-80C
501	SAMN05182297	SRX1805187	NORO503_SP13	85	59	SRR3598166	SRS1471009	NORO503_SP13	20-Apr-2013	71.7	33.9545 N 83.3659 W	0.5 mg/l	7.3	17.3 NTU	54.37 uM	AMPLICON	PRJNA323602	MIMARKS.survey	UNIVERSITY OF GEORGIA	public	sra	ncbi	0	Illumina MiSeq	PAIRED	PCR	METAGENOMIC	2016-05-28	freshwater metagenome	ILLUMINA	2016-05-31	SRP075852	0.13 -0.35m	fresh water	stream	water	USA: Upper Oconnee Watershed, Georgia	filtration	-80C
502	SAMN05182298	SRX1805188	NORO504_SP13	85	58	SRR3598167	SRS1471010	NORO504_SP13	20-Apr-2013	NA	33.9526 N 83.3594 W	0.1 mg/l	7.4	NA NTU	46.68 uM	AMPLICON	PRJNA323602	MIMARKS.survey	UNIVERSITY OF GEORGIA	public	sra	ncbi	0	Illumina MiSeq	PAIRED	PCR	METAGENOMIC	2016-05-28	freshwater metagenome	ILLUMINA	2016-05-31	SRP075852	0.13 -0.35m	fresh water	stream	water	USA: Upper Oconnee Watershed, Georgia	filtration	-80C
501	SAMN05182299	SRX1805189	NORO505_SP13	85	58	SRR3598168	SRS1471011	NORO505_SP13	20-Apr-2013	NA	33.9731 N 83.3328 W	NA	NA	NA NTU	51.3 uM	AMPLICON	PRJNA323602	MIMARKS.survey	UNIVERSITY OF GEORGIA	public	sra	ncbi	0	Illumina MiSeq	PAIRED	PCR	METAGENOMIC	2016-05-28	freshwater metagenome	ILLUMINA	2016-05-31	SRP075852	0.13 -0.35m	fresh water	stream	water	USA: Upper Oconnee Watershed, Georgia	filtration	-80C
501	SAMN05182300	SRX1805190	NORO506_SP13	54	37	SRR3598169	SRS1471012	NORO506_SP13	20-Apr-2013	130.1	33.9669 N 83.3906 W	1.4 mg/l	7.1	4.2 NTU	102.51 uM	AMPLICON	PRJNA323602	MIMARKS.survey	UNIVERSITY OF GEORGIA	public	sra	ncbi	0	Illumina MiSeq	PAIRED	PCR	METAGENOMIC	2016-05-28	freshwater metagenome	ILLUMINA	2016-05-31	SRP075852	0.13 -0.35m	fresh water	stream	water	USA: Upper Oconnee Watershed, Georgia	filtration	-80C
501	SAMN05182247	SRX1805191	MIDO318_SP13	50	34	SRR3598170	SRS1471013	MIDO318_SP13	20-Apr-2013	49.3	33.965176 N 83.522284 W	NA	7.6	6.61 NTU	41.64 uM	AMPLICON	PRJNA323602	MIMARKS.survey	UNIVERSITY OF GEORGIA	public	sra	ncbi	0	Illumina MiSeq	PAIRED	PCR	METAGENOMIC	2016-05-28	freshwater metagenome	ILLUMINA	2016-05-31	SRP075852	0.13 -0.35m	fresh water	stream	water	USA: Upper Oconnee Watershed, Georgia	filtration	-80C
501	SAMN05182301	SRX1805192	NORO510_SP13	66	45	SRR3598171	SRS1471014	NORO510_SP13	20-Apr-2013	82.5	33.957 N 83.3665 W	0.4 mg/l	7.4	18.8 NTU	53 uM	AMPLICON	PRJNA323602	MIMARKS.survey	UNIVERSITY OF GEORGIA	public	sra	ncbi	0	Illumina MiSeq	PAIRED	PCR	METAGENOMIC	2016-05-28	freshwater metagenome	ILLUMINA	2016-05-31	SRP075852	0.13 -0.35m	fresh water	stream	water	USA: Upper Oconnee Watershed, Georgia	filtration	-80C
501	SAMN05182302	SRX1805193	NORO511_SP13	77	53	SRR3598172	SRS1471015	NORO511_SP13	20-Apr-2013	48.7	33.9785 N 83.3379 W	0.8 mg/l	7.7	17.2 NTU	60.52 uM	AMPLICON	PRJNA323602	MIMARKS.survey	UNIVERSITY OF GEORGIA	public	sra	ncbi	0	Illumina MiSeq	PAIRED	PCR	METAGENOMIC	2016-05-28	freshwater metagenome	ILLUMINA	2016-05-31	SRP075852	0.13 -0.35m	fresh water	stream	water	USA: Upper Oconnee Watershed, Georgia	filtration	-80C
501	SAMN05182303	SRX1805194	NORO512_SP13	82	56	SRR3598173	SRS1471016	NORO512_SP13	20-Apr-2013	NA	33.9772 N 83.3278 W	NA	NA	NA NTU	54.16 uM	AMPLICON	PRJNA323602	MIMARKS.survey	UNIVERSITY OF GEORGIA	public	sra	ncbi	0	Illumina MiSeq	PAIRED	PCR	METAGENOMIC	2016-05-28	freshwater metagenome	ILLUMINA	2016-05-31	SRP075852	0.13 -0.35m	fresh water	stream	water	USA: Upper Oconnee Watershed, Georgia	filtration	-80C
502	SAMN05182304	SRX1805195	NORO516_SP13	105	71	SRR3598174	SRS1471017	NORO516_SP13	20-Apr-2013	110.2	33.9629 N 83.3805 W	0.7 mg/l	6.6	1.38 NTU	77.4 uM	AMPLICON	PRJNA323602	MIMARKS.survey	UNIVERSITY OF GEORGIA	public	sra	ncbi	0	Illumina MiSeq	PAIRED	PCR	METAGENOMIC	2016-05-28	freshwater metagenome	ILLUMINA	2016-05-31	SRP075852	0.13 -0.35m	fresh water	stream	water	USA: Upper Oconnee Watershed, Georgia	filtration	-80C
502	SAMN05182305	SRX1805196	NORO517_SP13	85	57	SRR3598175	SRS1471018	NORO517_SP13	20-Apr-2013	111.2	33.968 N 83.3792 W	1.7 mg/l	7.6	2.38 NTU	184.98 uM	AMPLICON	PRJNA323602	MIMARKS.survey	UNIVERSITY OF GEORGIA	public	sra	ncbi	0	Illumina MiSeq	PAIRED	PCR	METAGENOMIC	2016-05-28	freshwater metagenome	ILLUMINA	2016-05-31	SRP075852	0.13 -0.35m	fresh water	stream	water	USA: Upper Oconnee Watershed, Georgia	filtration	-80C
502	SAMN05182306	SRX1805197	NORO518_SP13	76	51	SRR3598176	SRS1471019	NORO518_SP13	20-Apr-2013	92.5	33.966445 N 83.397939 W	2.9 mg/l	7.7	5.13 NTU	104.2 uM	AMPLICON	PRJNA323602	MIMARKS.survey	UNIVERSITY OF GEORGIA	public	sra	ncbi	0	Illumina MiSeq	PAIRED	PCR	METAGENOMIC	2016-05-28	freshwater metagenome	ILLUMINA	2016-05-31	SRP075852	0.13 -0.35m	fresh water	stream	water	USA: Upper Oconnee Watershed, Georgia	filtration	-80C
501	SAMN05182307	SRX1805198	NORO520_SP13	272	185	SRR3598177	SRS1471020	NORO520_SP13	20-Apr-2013	82.1	33.9764 N 83.3899 W	0.8 mg/l	7	8.8 NTU	97.57 uM	AMPLICON	PRJNA323602	MIMARKS.survey	UNIVERSITY OF GEORGIA	public	sra	ncbi	0	Illumina MiSeq	PAIRED	PCR	METAGENOMIC	2016-05-28	freshwater metagenome	ILLUMINA	2016-05-31	SRP075852	0.13 -0.35m	fresh water	stream	water	USA: Upper Oconnee Watershed, Georgia	filtration	-80C
502	SAMN05182308	SRX1805199	NORO527_SP13	95	64	SRR3598178	SRS1471021	NORO527_SP13	20-Apr-2013	25.4	33.9756 N 83.3927 W	0.1 mg/l	7.3	11.2 NTU	34.26 uM	AMPLICON	PRJNA323602	MIMARKS.survey	UNIVERSITY OF GEORGIA	public	sra	ncbi	0	Illumina MiSeq	PAIRED	PCR	METAGENOMIC	2016-05-28	freshwater metagenome	ILLUMINA	2016-05-31	SRP075852	0.13 -0.35m	fresh water	stream	water	USA: Upper Oconnee Watershed, Georgia	filtration	-80C
502	SAMN05182309	SRX1805200	NORO601_SP13	59	40	SRR3598179	SRS1471022	NORO601_SP13	20-Apr-2013	552	33.9474 N 83.3526 W	3 mg/l	6.6	7.59 NTU	316.23 uM	AMPLICON	PRJNA323602	MIMARKS.survey	UNIVERSITY OF GEORGIA	public	sra	ncbi	0	Illumina MiSeq	PAIRED	PCR	METAGENOMIC	2016-05-28	freshwater metagenome	ILLUMINA	2016-05-31	SRP075852	0.13 -0.35m	fresh water	stream	water	USA: Upper Oconnee Watershed, Georgia	filtration	-80C
502	SAMN05182310	SRX1805201	NORO604_SP13	87	59	SRR3598180	SRS1471023	NORO604_SP13	20-Apr-2013	556.5	33.9455 N 83.3542 W	NA	6.7	8.13 NTU	323.66 uM	AMPLICON	PRJNA323602	MIMARKS.survey	UNIVERSITY OF GEORGIA	public	sra	ncbi	0	Illumina MiSeq	PAIRED	PCR	METAGENOMIC	2016-05-28	freshwater metagenome	ILLUMINA	2016-05-31	SRP075852	0.13 -0.35m	fresh water	stream	water	USA: Upper Oconnee Watershed, Georgia	filtration	-80C
501	SAMN05182248	SRX1805202	MIDO503_SP13	65	44	SRR3598181	SRS1471024	MIDO503_SP13	20-Apr-2013	NA	33.9097 N 83.4141 W	NA	NA	NA NTU	52.02 uM	AMPLICON	PRJNA323602	MIMARKS.survey	UNIVERSITY OF GEORGIA	public	sra	ncbi	0	Illumina MiSeq	PAIRED	PCR	METAGENOMIC	2016-05-28	freshwater metagenome	ILLUMINA	2016-05-31	SRP075852	0.13 -0.35m	fresh water	stream	water	USA: Upper Oconnee Watershed, Georgia	filtration	-80C
501	SAMN05182311	SRX1805203	NORO605_SP13	156	108	SRR3598182	SRS1471025	NORO605_SP13	20-Apr-2013	92.2	33.9323 N 83.3594 W	NA	7.4	11 NTU	85.89 uM	AMPLICON	PRJNA323602	MIMARKS.survey	UNIVERSITY OF GEORGIA	public	sra	ncbi	0	Illumina MiSeq	PAIRED	PCR	METAGENOMIC	2016-05-28	freshwater metagenome	ILLUMINA	2016-05-31	SRP075852	0.13 -0.35m	fresh water	stream	water	USA: Upper Oconnee Watershed, Georgia	filtration	-80C
501	SAMN05182312	SRX1805204	NORO609_SP13	146	101	SRR3598183	SRS1471026	NORO609_SP13	20-Apr-2013	116.6	33.9077 N 83.3599 W	0.7 mg/l	7.4	11.6 NTU	85.51 uM	AMPLICON	PRJNA323602	MIMARKS.survey	UNIVERSITY OF GEORGIA	public	sra	ncbi	0	Illumina MiSeq	PAIRED	PCR	METAGENOMIC	2016-05-28	freshwater metagenome	ILLUMINA	2016-05-31	SRP075852	0.13 -0.35m	fresh water	stream	water	USA: Upper Oconnee Watershed, Georgia	filtration	-80C
501	SAMN05182313	SRX1805205	NORO610_SP13	122	84	SRR3598184	SRS1471027	NORO610_SP13	20-Apr-2013	76.1	33.9522 N 83.3687 W	0.4 mg/l	7.5	14.7 NTU	52.26 uM	AMPLICON	PRJNA323602	MIMARKS.survey	UNIVERSITY OF GEORGIA	public	sra	ncbi	0	Illumina MiSeq	PAIRED	PCR	METAGENOMIC	2016-05-28	freshwater metagenome	ILLUMINA	2016-05-31	SRP075852	0.13 -0.35m	fresh water	stream	water	USA: Upper Oconnee Watershed, Georgia	filtration	-80C
501	SAMN05182314	SRX1805206	NORO618_SP13	243	166	SRR3598185	SRS1471028	NORO618_SP13	20-Apr-2013	NA	33.9481 N 83.3799 W	NA	NA	NA NTU	191.48 uM	AMPLICON	PRJNA323602	MIMARKS.survey	UNIVERSITY OF GEORGIA	public	sra	ncbi	0	Illumina MiSeq	PAIRED	PCR	METAGENOMIC	2016-05-28	freshwater metagenome	ILLUMINA	2016-05-31	SRP075852	0.13 -0.35m	fresh water	stream	water	USA: Upper Oconnee Watershed, Georgia	filtration	-80C
501	SAMN05182315	SRX1805207	BICO101_SU13	43	29	SRR3598186	SRS1471029	BICO101_SU13	14-Jul-2013	73.3	33.8556 N 83.3266 W	0.2 mg/l	5.6	37.9 NTU	49.73 uM	AMPLICON	PRJNA323602	MIMARKS.survey	UNIVERSITY OF GEORGIA	public	sra	ncbi	0	Illumina MiSeq	PAIRED	PCR	METAGENOMIC	2016-05-28	freshwater metagenome	ILLUMINA	2016-05-31	SRP075852	0.13 -0.35m	fresh water	stream	water	USA: Upper Oconnee Watershed, Georgia	filtration	-80C
501	SAMN05182316	SRX1805208	BICO301_SU13	43	29	SRR3598187	SRS1471030	BICO301_SU13	14-Jul-2013	31.22	33.924095 N 83.320794 W	0.5 mg/l	5.2	4.69 NTU	55.67 uM	AMPLICON	PRJNA323602	MIMARKS.survey	UNIVERSITY OF GEORGIA	public	sra	ncbi	0	Illumina MiSeq	PAIRED	PCR	METAGENOMIC	2016-05-28	freshwater metagenome	ILLUMINA	2016-05-31	SRP075852	0.13 -0.35m	fresh water	stream	water	USA: Upper Oconnee Watershed, Georgia	filtration	-80C
501	SAMN05182317	SRX1805209	MIDO301_SU13	34	23	SRR3598188	SRS1471031	MIDO301_SU13	14-Jul-2013	42.5	33.9683 N 83.4971 W	0.3 mg/l	5.5	11.9 NTU	13.17 uM	AMPLICON	PRJNA323602	MIMARKS.survey	UNIVERSITY OF GEORGIA	public	sra	ncbi	0	Illumina MiSeq	PAIRED	PCR	METAGENOMIC	2016-05-28	freshwater metagenome	ILLUMINA	2016-05-31	SRP075852	0.13 -0.35m	fresh water	stream	water	USA: Upper Oconnee Watershed, Georgia	filtration	-80C
501	SAMN05182318	SRX1805210	MIDO704_SU13	46	31	SRR3598189	SRS1471032	MIDO704_SU13	14-Jul-2013	121.8	33.903 N 83.3797 W	5.1 mg/l	5.5	6.02 NTU	485.96 uM	AMPLICON	PRJNA323602	MIMARKS.survey	UNIVERSITY OF GEORGIA	public	sra	ncbi	0	Illumina MiSeq	PAIRED	PCR	METAGENOMIC	2016-05-28	freshwater metagenome	ILLUMINA	2016-05-31	SRP075852	0.13 -0.35m	fresh water	stream	water	USA: Upper Oconnee Watershed, Georgia	filtration	-80C
501	SAMN05182319	SRX1805211	MIDO708_SU13	41	28	SRR3598190	SRS1471033	MIDO708_SU13	14-Jul-2013	105.7	33.900855 N 83.379822 W	4.2 mg/l	5.4	6.04 NTU	378.18 uM	AMPLICON	PRJNA323602	MIMARKS.survey	UNIVERSITY OF GEORGIA	public	sra	ncbi	0	Illumina MiSeq	PAIRED	PCR	METAGENOMIC	2016-05-28	freshwater metagenome	ILLUMINA	2016-05-31	SRP075852	0.13 -0.35m	fresh water	stream	water	USA: Upper Oconnee Watershed, Georgia	filtration	-80C
501	SAMN05182320	SRX1805212	MIDO801_SU13	56	38	SRR3598191	SRS1471034	MIDO801_SU13	14-Jul-2013	73.4	33.9576 N 83.438 W	0 mg/l	5.5	20.5 NTU	42.17 uM	AMPLICON	PRJNA323602	MIMARKS.survey	UNIVERSITY OF GEORGIA	public	sra	ncbi	0	Illumina MiSeq	PAIRED	PCR	METAGENOMIC	2016-05-28	freshwater metagenome	ILLUMINA	2016-05-31	SRP075852	0.13 -0.35m	fresh water	stream	water	USA: Upper Oconnee Watershed, Georgia	filtration	-80C
501	SAMN05182249	SRX1805213	MIDO504_SP13	76	51	SRR3598192	SRS1471035	MIDO504_SP13	20-Apr-2013	67.8	33.9112 N 83.4057 W	NA	7.6	15.9 NTU	47.41 uM	AMPLICON	PRJNA323602	MIMARKS.survey	UNIVERSITY OF GEORGIA	public	sra	ncbi	0	Illumina MiSeq	PAIRED	PCR	METAGENOMIC	2016-05-28	freshwater metagenome	ILLUMINA	2016-05-31	SRP075852	0.13 -0.35m	fresh water	stream	water	USA: Upper Oconnee Watershed, Georgia	filtration	-80C
501	SAMN05182321	SRX1805214	MIDO804_SU13	44	29	SRR3598193	SRS1471036	MIDO804_SU13	14-Jul-2013	70.9	33.9743 N 83.425 W	0.7 mg/l	4.2	11.7 NTU	43.3 uM	AMPLICON	PRJNA323602	MIMARKS.survey	UNIVERSITY OF GEORGIA	public	sra	ncbi	0	Illumina MiSeq	PAIRED	PCR	METAGENOMIC	2016-05-28	freshwater metagenome	ILLUMINA	2016-05-31	SRP075852	0.13 -0.35m	fresh water	stream	water	USA: Upper Oconnee Watershed, Georgia	filtration	-80C
501	SAMN05182322	SRX1805215	MIDO805_SU13	57	38	SRR3598194	SRS1471037	MIDO805_SU13	14-Jul-2013	50.4	33.9746 N 83.4241 W	0.3 mg/l	5	14.5 NTU	24.8 uM	AMPLICON	PRJNA323602	MIMARKS.survey	UNIVERSITY OF GEORGIA	public	sra	ncbi	0	Illumina MiSeq	PAIRED	PCR	METAGENOMIC	2016-05-28	freshwater metagenome	ILLUMINA	2016-05-31	SRP075852	0.13 -0.35m	fresh water	stream	water	USA: Upper Oconnee Watershed, Georgia	filtration	-80C
501	SAMN05182323	SRX1805216	NORO301_SU13	58	40	SRR3598195	SRS1471038	NORO301_SU13	14-Jul-2013	NA	34.0582 N 83.389 W	NA	NA	NA NTU	34.37 uM	AMPLICON	PRJNA323602	MIMARKS.survey	UNIVERSITY OF GEORGIA	public	sra	ncbi	0	Illumina MiSeq	PAIRED	PCR	METAGENOMIC	2016-05-28	freshwater metagenome	ILLUMINA	2016-05-31	SRP075852	0.13 -0.35m	fresh water	stream	water	USA: Upper Oconnee Watershed, Georgia	filtration	-80C
501	SAMN05182324	SRX1805217	NORO501_SU13	64	43	SRR3598196	SRS1471039	NORO501_SU13	14-Jul-2013	60.9	33.9772 N 83.3318 W	0.4 mg/l	3.6	13.3 NTU	36.36 uM	AMPLICON	PRJNA323602	MIMARKS.survey	UNIVERSITY OF GEORGIA	public	sra	ncbi	0	Illumina MiSeq	PAIRED	PCR	METAGENOMIC	2016-05-28	freshwater metagenome	ILLUMINA	2016-05-31	SRP075852	0.13 -0.35m	fresh water	stream	water	USA: Upper Oconnee Watershed, Georgia	filtration	-80C
501	SAMN05182325	SRX1805218	NORO503_SU13	64	44	SRR3598197	SRS1471040	NORO503_SU13	14-Jul-2013	NA	33.9545 N 83.3659 W	NA	NA	NA NTU	36.8 uM	AMPLICON	PRJNA323602	MIMARKS.survey	UNIVERSITY OF GEORGIA	public	sra	ncbi	0	Illumina MiSeq	PAIRED	PCR	METAGENOMIC	2016-05-28	freshwater metagenome	ILLUMINA	2016-05-31	SRP075852	0.13 -0.35m	fresh water	stream	water	USA: Upper Oconnee Watershed, Georgia	filtration	-80C
501	SAMN05182326	SRX1805219	NORO510_SU13	57	38	SRR3598198	SRS1471041	NORO510_SU13	14-Jul-2013	68.4	33.957 N 83.3665 W	0 mg/l	5.5	29.8 NTU	43.3 uM	AMPLICON	PRJNA323602	MIMARKS.survey	UNIVERSITY OF GEORGIA	public	sra	ncbi	0	Illumina MiSeq	PAIRED	PCR	METAGENOMIC	2016-05-28	freshwater metagenome	ILLUMINA	2016-05-31	SRP075852	0.13 -0.35m	fresh water	stream	water	USA: Upper Oconnee Watershed, Georgia	filtration	-80C
501	SAMN05182327	SRX1805220	NORO519_SU13	63	42	SRR3598199	SRS1471042	NORO519_SU13	14-Jul-2013	38.1	33.9914 N 83.3141 W	0.2 mg/l	3.5	10.43 NTU	23.59 uM	AMPLICON	PRJNA323602	MIMARKS.survey	UNIVERSITY OF GEORGIA	public	sra	ncbi	0	Illumina MiSeq	PAIRED	PCR	METAGENOMIC	2016-05-28	freshwater metagenome	ILLUMINA	2016-05-31	SRP075852	0.13 -0.35m	fresh water	stream	water	USA: Upper Oconnee Watershed, Georgia	filtration	-80C
501	SAMN05182329	SRX1805222	NORO609_SU13	58	39	SRR3598201	SRS1471044	NORO609_SU13	14-Jul-2013	75.5	33.9077 N 83.3599 W	0.3 mg/l	5.6	31.8 NTU	50.26 uM	AMPLICON	PRJNA323602	MIMARKS.survey	UNIVERSITY OF GEORGIA	public	sra	ncbi	0	Illumina MiSeq	PAIRED	PCR	METAGENOMIC	2016-05-28	freshwater metagenome	ILLUMINA	2016-05-31	SRP075852	0.13 -0.35m	fresh water	stream	water	USA: Upper Oconnee Watershed, Georgia	filtration	-80C
450	SAMN05182330	SRX1805223	BICO101_FA13	30	20	SRR3598202	SRS1471045	BICO101_FA13	03-Oct-2013	112	33.8556 N 83.3266 W	NA	6.7	9.2 NTU	110.87 uM	AMPLICON	PRJNA323602	MIMARKS.survey	UNIVERSITY OF GEORGIA	public	sra	ncbi	0	Illumina MiSeq	PAIRED	PCR	METAGENOMIC	2016-05-28	freshwater metagenome	ILLUMINA	2016-05-31	SRP075852	0.13 -0.35m	fresh water	stream	water	USA: Upper Oconnee Watershed, Georgia	filtration	-80C
502	SAMN05182250	SRX1805224	MIDO601_SP13	54	37	SRR3598203	SRS1471046	MIDO601_SP13	20-Apr-2013	59.2	33.926339 N 83.426795 W	0.1 mg/l	7.2	23 NTU	37.47 uM	AMPLICON	PRJNA323602	MIMARKS.survey	UNIVERSITY OF GEORGIA	public	sra	ncbi	0	Illumina MiSeq	PAIRED	PCR	METAGENOMIC	2016-05-28	freshwater metagenome	ILLUMINA	2016-05-31	SRP075852	0.13 -0.35m	fresh water	stream	water	USA: Upper Oconnee Watershed, Georgia	filtration	-80C
501	SAMN05182332	SRX1805226	MIDO101_FA13	31	21	SRR3598205	SRS1471048	MIDO101_FA13	03-Oct-2013	46	33.9987 N 83.4954 W	0.5 mg/l	6.6	4.8 NTU	18.58 uM	AMPLICON	PRJNA323602	MIMARKS.survey	UNIVERSITY OF GEORGIA	public	sra	ncbi	0	Illumina MiSeq	PAIRED	PCR	METAGENOMIC	2016-05-28	freshwater metagenome	ILLUMINA	2016-05-31	SRP075852	0.13 -0.35m	fresh water	stream	water	USA: Upper Oconnee Watershed, Georgia	filtration	-80C
501	SAMN05182333	SRX1805227	MIDO103_FA13	70	47	SRR3598206	SRS1471049	MIDO103_FA13	03-Oct-2013	103	34.0006 N 83.503 W	1.2 mg/l	6.7	10.2 NTU	75.19 uM	AMPLICON	PRJNA323602	MIMARKS.survey	UNIVERSITY OF GEORGIA	public	sra	ncbi	0	Illumina MiSeq	PAIRED	PCR	METAGENOMIC	2016-05-28	freshwater metagenome	ILLUMINA	2016-05-31	SRP075852	0.13 -0.35m	fresh water	stream	water	USA: Upper Oconnee Watershed, Georgia	filtration	-80C
501	SAMN05182334	SRX1805228	MIDO301_FA13	224	153	SRR3598207	SRS1471050	MIDO301_FA13	03-Oct-2013	40.3	33.9683 N 83.4971 W	0.4 mg/l	6.6	4.7 NTU	9.37 uM	AMPLICON	PRJNA323602	MIMARKS.survey	UNIVERSITY OF GEORGIA	public	sra	ncbi	0	Illumina MiSeq	PAIRED	PCR	METAGENOMIC	2016-05-28	freshwater metagenome	ILLUMINA	2016-05-31	SRP075852	0.13 -0.35m	fresh water	stream	water	USA: Upper Oconnee Watershed, Georgia	filtration	-80C
501	SAMN05182335	SRX1805229	MIDO502_FA13	61	42	SRR3598208	SRS1471051	MIDO502_FA13	03-Oct-2013	62	33.899443 N 83.442786 W	NA	6.6	12.5 NTU	39.99 uM	AMPLICON	PRJNA323602	MIMARKS.survey	UNIVERSITY OF GEORGIA	public	sra	ncbi	0	Illumina MiSeq	PAIRED	PCR	METAGENOMIC	2016-05-28	freshwater metagenome	ILLUMINA	2016-05-31	SRP075852	0.13 -0.35m	fresh water	stream	water	USA: Upper Oconnee Watershed, Georgia	filtration	-80C
501	SAMN05182336	SRX1805230	MIDO505_FA13	57	39	SRR3598209	SRS1471052	MIDO505_FA13	03-Oct-2013	71	33.9025 N 83.5232 W	NA	6.6	10.4 NTU	30.69 uM	AMPLICON	PRJNA323602	MIMARKS.survey	UNIVERSITY OF GEORGIA	public	sra	ncbi	0	Illumina MiSeq	PAIRED	PCR	METAGENOMIC	2016-05-28	freshwater metagenome	ILLUMINA	2016-05-31	SRP075852	0.13 -0.35m	fresh water	stream	water	USA: Upper Oconnee Watershed, Georgia	filtration	-80C
501	SAMN05182337	SRX1805231	MIDO509_FA13	71	49	SRR3598210	SRS1471053	MIDO509_FA13	03-Oct-2013	60	33.8898 N 83.4572 W	NA	6.5	7.1 NTU	33.32 uM	AMPLICON	PRJNA323602	MIMARKS.survey	UNIVERSITY OF GEORGIA	public	sra	ncbi	0	Illumina MiSeq	PAIRED	PCR	METAGENOMIC	2016-05-28	freshwater metagenome	ILLUMINA	2016-05-31	SRP075852	0.13 -0.35m	fresh water	stream	water	USA: Upper Oconnee Watershed, Georgia	filtration	-80C
501	SAMN05182338	SRX1805232	MIDO515_FA13	26	18	SRR3598211	SRS1471054	MIDO515_FA13	03-Oct-2013	59	33.8965 N 83.4613 W	NA	6.6	5.6 NTU	189.96 uM	AMPLICON	PRJNA323602	MIMARKS.survey	UNIVERSITY OF GEORGIA	public	sra	ncbi	0	Illumina MiSeq	PAIRED	PCR	METAGENOMIC	2016-05-28	freshwater metagenome	ILLUMINA	2016-05-31	SRP075852	0.13 -0.35m	fresh water	stream	water	USA: Upper Oconnee Watershed, Georgia	filtration	-80C
501	SAMN05182339	SRX1805233	MIDO601_FA13	42	29	SRR3598212	SRS1471055	MIDO601_FA13	03-Oct-2013	59	33.926339 N 83.426795 W	0.6 mg/l	6.6	7.1 NTU	31.68 uM	AMPLICON	PRJNA323602	MIMARKS.survey	UNIVERSITY OF GEORGIA	public	sra	ncbi	0	Illumina MiSeq	PAIRED	PCR	METAGENOMIC	2016-05-28	freshwater metagenome	ILLUMINA	2016-05-31	SRP075852	0.13 -0.35m	fresh water	stream	water	USA: Upper Oconnee Watershed, Georgia	filtration	-80C
501	SAMN05182340	SRX1805234	MIDO605_FA13	15	10	SRR3598213	SRS1471056	MIDO605_FA13	03-Oct-2013	63	33.931322 N 83.487804 W	NA	6.5	7.1 NTU	28.33 uM	AMPLICON	PRJNA323602	MIMARKS.survey	UNIVERSITY OF GEORGIA	public	sra	ncbi	0	Illumina MiSeq	PAIRED	PCR	METAGENOMIC	2016-05-28	freshwater metagenome	ILLUMINA	2016-05-31	SRP075852	0.13 -0.35m	fresh water	stream	water	USA: Upper Oconnee Watershed, Georgia	filtration	-80C
