Alias	Assay_Type	AvgSpotLen	BioSample	Description	Experiment	INSDC_first_public	INSDC_last_update	InsertSize	Instrument	LibrarySelection	LibrarySource	Library_Name	MBases	MBytes	Run	SRA_Sample	SRA_accession	Sample_Name	Title	collection_dat	environment_material	geographic_location_depth	geographic_location_longitude	investigation_type	sequencing_method	BioProject	Center_Name	Consent	DATASTORE_filetype	DATASTORE_provider	ENA_checklist	INSDC_center_alias	INSDC_center_name	INSDC_status	LibraryLayout	LoadDate	Organism	Platform	ReleaseDate	SRA_Study	environment_biome	environment_feature	geographic_location_country_and_or_sea	geographic_location_elevation	geographic_location_latitude	project_name	soil_environmental_package
BIOMES1073	AMPLICON	500	SAMEA104139612	TSN2-S4-10cm-02/26/16-DNA	ERX2074831	2018-01-01T17:02:34Z	2017-06-23T18:25:38Z	250	Illumina MiSeq	PCR	METAGENOMIC	BIOMES1073	20	14	ERR2015249	ERS1798630	ERS1798630	SAMEA104139612 ERS1798630	BIOMES1073	2016-02-26	Soil	0.1	-128.129722	metagenome	Illumina MiSeq2500 250bp-PE	PRJEB21491	UNIVERSITY OF BRITISH COLUMBIA	public	sra	ncbi	ERC000022	UNIVERSITY OF BRITISH COLUMBIA	UNIVERSITY OF BRITISH COLUMBIA	public	PAIRED	2018-01-02	soil metagenome	ILLUMINA	2018-01-02	ERP023747	Bog Forest	Forest soil	Canada	25	51.652222	BIOMES	soil
BIOMES1074	AMPLICON	500	SAMEA104139613	TSN2-S4-25cm-02/26/16-DNA	ERX2074832	2018-01-01T17:02:34Z	2017-06-23T18:25:38Z	250	Illumina MiSeq	PCR	METAGENOMIC	BIOMES1074	10	7	ERR2015250	ERS1798631	ERS1798631	SAMEA104139613 ERS1798631	BIOMES1074	2016-02-26	Soil	0.25	-128.129722	metagenome	Illumina MiSeq2500 250bp-PE	PRJEB21491	UNIVERSITY OF BRITISH COLUMBIA	public	sra	ncbi	ERC000022	UNIVERSITY OF BRITISH COLUMBIA	UNIVERSITY OF BRITISH COLUMBIA	public	PAIRED	2018-01-02	soil metagenome	ILLUMINA	2018-01-02	ERP023747	Bog Forest	Forest soil	Canada	25	51.652222	BIOMES	soil
BIOMES1075	AMPLICON	500	SAMEA104139614	TSN2-S4-40cm-02/26/16-DNA	ERX2074833	2018-01-01T17:02:34Z	2017-06-23T18:25:38Z	250	Illumina MiSeq	PCR	METAGENOMIC	BIOMES1075	8	6	ERR2015251	ERS1798632	ERS1798632	SAMEA104139614 ERS1798632	BIOMES1075	2016-02-26	Soil	0.4	-128.129722	metagenome	Illumina MiSeq2500 250bp-PE	PRJEB21491	UNIVERSITY OF BRITISH COLUMBIA	public	sra	ncbi	ERC000022	UNIVERSITY OF BRITISH COLUMBIA	UNIVERSITY OF BRITISH COLUMBIA	public	PAIRED	2018-01-02	soil metagenome	ILLUMINA	2018-01-02	ERP023747	Bog Forest	Forest soil	Canada	25	51.652222	BIOMES	soil
BIOMES1076	AMPLICON	500	SAMEA104139615	TSN2-S6-10cm-02/26/16-DNA	ERX2074834	2018-01-01T17:02:34Z	2017-06-23T18:25:38Z	250	Illumina MiSeq	PCR	METAGENOMIC	BIOMES1076	15	11	ERR2015252	ERS1798633	ERS1798633	SAMEA104139615 ERS1798633	BIOMES1076	2016-02-26	Soil	0.1	-128.129722	metagenome	Illumina MiSeq2500 250bp-PE	PRJEB21491	UNIVERSITY OF BRITISH COLUMBIA	public	sra	ncbi	ERC000022	UNIVERSITY OF BRITISH COLUMBIA	UNIVERSITY OF BRITISH COLUMBIA	public	PAIRED	2018-01-02	soil metagenome	ILLUMINA	2018-01-02	ERP023747	Bog Forest	Forest soil	Canada	25	51.652222	BIOMES	soil
BIOMES1077	AMPLICON	500	SAMEA104139616	TSN2-S6-25cm-02/26/16-DNA	ERX2074835	2018-01-01T17:02:34Z	2017-06-23T18:25:38Z	250	Illumina MiSeq	PCR	METAGENOMIC	BIOMES1077	14	10	ERR2015253	ERS1798634	ERS1798634	SAMEA104139616 ERS1798634	BIOMES1077	2016-02-26	Soil	0.25	-128.129722	metagenome	Illumina MiSeq2500 250bp-PE	PRJEB21491	UNIVERSITY OF BRITISH COLUMBIA	public	sra	ncbi	ERC000022	UNIVERSITY OF BRITISH COLUMBIA	UNIVERSITY OF BRITISH COLUMBIA	public	PAIRED	2018-01-02	soil metagenome	ILLUMINA	2018-01-02	ERP023747	Bog Forest	Forest soil	Canada	25	51.652222	BIOMES	soil
BIOMES1078	AMPLICON	500	SAMEA104139617	TSN2-S6-40cm-02/26/16-DNA	ERX2074836	2018-01-01T17:02:34Z	2017-06-23T18:25:38Z	250	Illumina MiSeq	PCR	METAGENOMIC	BIOMES1078	27	19	ERR2015254	ERS1798635	ERS1798635	SAMEA104139617 ERS1798635	BIOMES1078	2016-02-26	Soil	0.4	-128.129722	metagenome	Illumina MiSeq2500 250bp-PE	PRJEB21491	UNIVERSITY OF BRITISH COLUMBIA	public	sra	ncbi	ERC000022	UNIVERSITY OF BRITISH COLUMBIA	UNIVERSITY OF BRITISH COLUMBIA	public	PAIRED	2018-01-02	soil metagenome	ILLUMINA	2018-01-02	ERP023747	Bog Forest	Forest soil	Canada	25	51.652222	BIOMES	soil
BIOMES1079	AMPLICON	500	SAMEA104139618	TSN2-S8-10cm-02/26/16-DNA	ERX2074837	2018-01-01T17:02:34Z	2017-06-23T18:25:38Z	250	Illumina MiSeq	PCR	METAGENOMIC	BIOMES1079	10	7	ERR2015255	ERS1798636	ERS1798636	SAMEA104139618 ERS1798636	BIOMES1079	2016-02-26	Soil	0.1	-128.129722	metagenome	Illumina MiSeq2500 250bp-PE	PRJEB21491	UNIVERSITY OF BRITISH COLUMBIA	public	sra	ncbi	ERC000022	UNIVERSITY OF BRITISH COLUMBIA	UNIVERSITY OF BRITISH COLUMBIA	public	PAIRED	2018-01-02	soil metagenome	ILLUMINA	2018-01-02	ERP023747	Bog Forest	Forest soil	Canada	25	51.652222	BIOMES	soil
BIOMES1080	AMPLICON	500	SAMEA104139619	TSN2-S8-25cm-02/26/16-DNA	ERX2074838	2018-01-01T17:02:34Z	2017-06-23T18:25:38Z	250	Illumina MiSeq	PCR	METAGENOMIC	BIOMES1080	13	9	ERR2015256	ERS1798637	ERS1798637	SAMEA104139619 ERS1798637	BIOMES1080	2016-02-26	Soil	0.25	-128.129722	metagenome	Illumina MiSeq2500 250bp-PE	PRJEB21491	UNIVERSITY OF BRITISH COLUMBIA	public	sra	ncbi	ERC000022	UNIVERSITY OF BRITISH COLUMBIA	UNIVERSITY OF BRITISH COLUMBIA	public	PAIRED	2018-01-02	soil metagenome	ILLUMINA	2018-01-02	ERP023747	Bog Forest	Forest soil	Canada	25	51.652222	BIOMES	soil
BIOMES1081	AMPLICON	500	SAMEA104139620	TSN2-S8-40cm-02/26/16-DNA	ERX2074839	2018-01-01T17:02:34Z	2017-06-23T18:25:38Z	250	Illumina MiSeq	PCR	METAGENOMIC	BIOMES1081	13	9	ERR2015257	ERS1798638	ERS1798638	SAMEA104139620 ERS1798638	BIOMES1081	2016-02-26	Soil	0.4	-128.129722	metagenome	Illumina MiSeq2500 250bp-PE	PRJEB21491	UNIVERSITY OF BRITISH COLUMBIA	public	sra	ncbi	ERC000022	UNIVERSITY OF BRITISH COLUMBIA	UNIVERSITY OF BRITISH COLUMBIA	public	PAIRED	2018-01-02	soil metagenome	ILLUMINA	2018-01-02	ERP023747	Bog Forest	Forest soil	Canada	25	51.652222	BIOMES	soil
BIOMES1082	AMPLICON	500	SAMEA104139621	TSN3-S6-10cm-02/26/16-DNA	ERX2074840	2018-01-01T17:02:34Z	2017-06-23T18:25:38Z	250	Illumina MiSeq	PCR	METAGENOMIC	BIOMES1082	10	7	ERR2015258	ERS1798639	ERS1798639	SAMEA104139621 ERS1798639	BIOMES1082	2016-02-26	Soil	0.1	-128.129722	metagenome	Illumina MiSeq2500 250bp-PE	PRJEB21491	UNIVERSITY OF BRITISH COLUMBIA	public	sra	ncbi	ERC000022	UNIVERSITY OF BRITISH COLUMBIA	UNIVERSITY OF BRITISH COLUMBIA	public	PAIRED	2018-01-02	soil metagenome	ILLUMINA	2018-01-02	ERP023747	Bog Forest	Forest soil	Canada	25	51.652222	BIOMES	soil
BIOMES1083	AMPLICON	500	SAMEA104139622	TSN3-S6-20cm-02/26/16-DNA	ERX2074841	2018-01-01T17:02:34Z	2017-06-23T18:25:38Z	250	Illumina MiSeq	PCR	METAGENOMIC	BIOMES1083	4	2	ERR2015259	ERS1798640	ERS1798640	SAMEA104139622 ERS1798640	BIOMES1083	2016-02-26	Soil	0.2	-128.129722	metagenome	Illumina MiSeq2500 250bp-PE	PRJEB21491	UNIVERSITY OF BRITISH COLUMBIA	public	sra	ncbi	ERC000022	UNIVERSITY OF BRITISH COLUMBIA	UNIVERSITY OF BRITISH COLUMBIA	public	PAIRED	2018-01-02	soil metagenome	ILLUMINA	2018-01-02	ERP023747	Bog Forest	Forest soil	Canada	25	51.652222	BIOMES	soil
BIOMES1084	AMPLICON	500	SAMEA104139623	TSN3-S6-30cm-02/26/16-DNA	ERX2074842	2018-01-01T17:02:34Z	2017-06-23T18:25:38Z	250	Illumina MiSeq	PCR	METAGENOMIC	BIOMES1084	8	6	ERR2015260	ERS1798641	ERS1798641	SAMEA104139623 ERS1798641	BIOMES1084	2016-02-26	Soil	0.3	-128.129722	metagenome	Illumina MiSeq2500 250bp-PE	PRJEB21491	UNIVERSITY OF BRITISH COLUMBIA	public	sra	ncbi	ERC000022	UNIVERSITY OF BRITISH COLUMBIA	UNIVERSITY OF BRITISH COLUMBIA	public	PAIRED	2018-01-02	soil metagenome	ILLUMINA	2018-01-02	ERP023747	Bog Forest	Forest soil	Canada	25	51.652222	BIOMES	soil
BIOMES1085	AMPLICON	500	SAMEA104139624	TSN3-S7-10cm-02/26/16-DNA	ERX2074843	2018-01-01T17:02:34Z	2017-06-23T18:25:38Z	250	Illumina MiSeq	PCR	METAGENOMIC	BIOMES1085	10	7	ERR2015261	ERS1798642	ERS1798642	SAMEA104139624 ERS1798642	BIOMES1085	2016-02-26	Soil	0.1	-128.129722	metagenome	Illumina MiSeq2500 250bp-PE	PRJEB21491	UNIVERSITY OF BRITISH COLUMBIA	public	sra	ncbi	ERC000022	UNIVERSITY OF BRITISH COLUMBIA	UNIVERSITY OF BRITISH COLUMBIA	public	PAIRED	2018-01-02	soil metagenome	ILLUMINA	2018-01-02	ERP023747	Bog Forest	Forest soil	Canada	25	51.652222	BIOMES	soil
BIOMES1086	AMPLICON	500	SAMEA104139625	TSN3-S7-20cm-02/26/16-DNA	ERX2074844	2018-01-01T17:02:34Z	2017-06-23T18:25:38Z	250	Illumina MiSeq	PCR	METAGENOMIC	BIOMES1086	16	11	ERR2015262	ERS1798643	ERS1798643	SAMEA104139625 ERS1798643	BIOMES1086	2016-02-26	Soil	0.2	-128.129722	metagenome	Illumina MiSeq2500 250bp-PE	PRJEB21491	UNIVERSITY OF BRITISH COLUMBIA	public	sra	ncbi	ERC000022	UNIVERSITY OF BRITISH COLUMBIA	UNIVERSITY OF BRITISH COLUMBIA	public	PAIRED	2018-01-02	soil metagenome	ILLUMINA	2018-01-02	ERP023747	Bog Forest	Forest soil	Canada	25	51.652222	BIOMES	soil
BIOMES1087	AMPLICON	500	SAMEA104139626	TSN3-S7-30cm-02/26/16-DNA	ERX2074845	2018-01-01T17:02:34Z	2017-06-23T18:25:38Z	250	Illumina MiSeq	PCR	METAGENOMIC	BIOMES1087	10	7	ERR2015263	ERS1798644	ERS1798644	SAMEA104139626 ERS1798644	BIOMES1087	2016-02-26	Soil	0.3	-128.129722	metagenome	Illumina MiSeq2500 250bp-PE	PRJEB21491	UNIVERSITY OF BRITISH COLUMBIA	public	sra	ncbi	ERC000022	UNIVERSITY OF BRITISH COLUMBIA	UNIVERSITY OF BRITISH COLUMBIA	public	PAIRED	2018-01-02	soil metagenome	ILLUMINA	2018-01-02	ERP023747	Bog Forest	Forest soil	Canada	25	51.652222	BIOMES	soil
BIOMES1088	AMPLICON	500	SAMEA104139627	TSN3-S8-10cm-02/26/16-DNA	ERX2074846	2018-01-01T17:02:34Z	2017-06-23T18:25:39Z	250	Illumina MiSeq	PCR	METAGENOMIC	BIOMES1088	10	7	ERR2015264	ERS1798645	ERS1798645	SAMEA104139627 ERS1798645	BIOMES1088	2016-02-26	Soil	0.1	-128.129722	metagenome	Illumina MiSeq2500 250bp-PE	PRJEB21491	UNIVERSITY OF BRITISH COLUMBIA	public	sra	ncbi	ERC000022	UNIVERSITY OF BRITISH COLUMBIA	UNIVERSITY OF BRITISH COLUMBIA	public	PAIRED	2018-01-02	soil metagenome	ILLUMINA	2018-01-02	ERP023747	Bog Forest	Forest soil	Canada	25	51.652222	BIOMES	soil
BIOMES1089	AMPLICON	500	SAMEA104139628	TSN3-S8-20cm-02/26/16-DNA	ERX2074847	2018-01-01T17:02:34Z	2017-06-23T18:25:39Z	250	Illumina MiSeq	PCR	METAGENOMIC	BIOMES1089	18	12	ERR2015265	ERS1798646	ERS1798646	SAMEA104139628 ERS1798646	BIOMES1089	2016-02-26	Soil	0.2	-128.129722	metagenome	Illumina MiSeq2500 250bp-PE	PRJEB21491	UNIVERSITY OF BRITISH COLUMBIA	public	sra	ncbi	ERC000022	UNIVERSITY OF BRITISH COLUMBIA	UNIVERSITY OF BRITISH COLUMBIA	public	PAIRED	2018-01-02	soil metagenome	ILLUMINA	2018-01-02	ERP023747	Bog Forest	Forest soil	Canada	25	51.652222	BIOMES	soil
BIOMES1090	AMPLICON	500	SAMEA104139629	TSN3-S8-30cm-02/26/16-DNA	ERX2074848	2018-01-01T17:02:34Z	2017-06-23T18:25:39Z	250	Illumina MiSeq	PCR	METAGENOMIC	BIOMES1090	11	8	ERR2015266	ERS1798647	ERS1798647	SAMEA104139629 ERS1798647	BIOMES1090	2016-02-26	Soil	0.3	-128.129722	metagenome	Illumina MiSeq2500 250bp-PE	PRJEB21491	UNIVERSITY OF BRITISH COLUMBIA	public	sra	ncbi	ERC000022	UNIVERSITY OF BRITISH COLUMBIA	UNIVERSITY OF BRITISH COLUMBIA	public	PAIRED	2018-01-02	soil metagenome	ILLUMINA	2018-01-02	ERP023747	Bog Forest	Forest soil	Canada	25	51.652222	BIOMES	soil
BIOMES1091	AMPLICON	500	SAMEA104139630	TSN2-S4-10cm-04/16/16-DNA	ERX2074849	2018-01-01T17:02:34Z	2017-06-23T18:25:39Z	250	Illumina MiSeq	PCR	METAGENOMIC	BIOMES1091	10	7	ERR2015267	ERS1798648	ERS1798648	SAMEA104139630 ERS1798648	BIOMES1091	2016-04-16	Soil	0.1	-128.129722	metagenome	Illumina MiSeq2500 250bp-PE	PRJEB21491	UNIVERSITY OF BRITISH COLUMBIA	public	sra	ncbi	ERC000022	UNIVERSITY OF BRITISH COLUMBIA	UNIVERSITY OF BRITISH COLUMBIA	public	PAIRED	2018-01-02	soil metagenome	ILLUMINA	2018-01-02	ERP023747	Bog Forest	Forest soil	Canada	25	51.652222	BIOMES	soil
BIOMES1092	AMPLICON	500	SAMEA104139631	TSN2-S4-25cm-04/16/16-DNA	ERX2074850	2018-01-01T17:02:34Z	2017-06-23T18:25:39Z	250	Illumina MiSeq	PCR	METAGENOMIC	BIOMES1092	28	20	ERR2015268	ERS1798649	ERS1798649	SAMEA104139631 ERS1798649	BIOMES1092	2016-04-16	Soil	0.25	-128.129722	metagenome	Illumina MiSeq2500 250bp-PE	PRJEB21491	UNIVERSITY OF BRITISH COLUMBIA	public	sra	ncbi	ERC000022	UNIVERSITY OF BRITISH COLUMBIA	UNIVERSITY OF BRITISH COLUMBIA	public	PAIRED	2018-01-02	soil metagenome	ILLUMINA	2018-01-02	ERP023747	Bog Forest	Forest soil	Canada	25	51.652222	BIOMES	soil
BIOMES1093	AMPLICON	500	SAMEA104139632	TSN2-S4-40cm-04/16/16-DNA	ERX2074851	2018-01-01T17:02:34Z	2017-06-23T18:25:39Z	250	Illumina MiSeq	PCR	METAGENOMIC	BIOMES1093	5	3	ERR2015269	ERS1798650	ERS1798650	SAMEA104139632 ERS1798650	BIOMES1093	2016-04-16	Soil	0.4	-128.129722	metagenome	Illumina MiSeq2500 250bp-PE	PRJEB21491	UNIVERSITY OF BRITISH COLUMBIA	public	sra	ncbi	ERC000022	UNIVERSITY OF BRITISH COLUMBIA	UNIVERSITY OF BRITISH COLUMBIA	public	PAIRED	2018-01-02	soil metagenome	ILLUMINA	2018-01-02	ERP023747	Bog Forest	Forest soil	Canada	25	51.652222	BIOMES	soil
BIOMES1094	AMPLICON	500	SAMEA104139633	TSN2-S6-10cm-04/16/16-DNA	ERX2074852	2018-01-01T17:02:34Z	2017-06-23T18:25:39Z	250	Illumina MiSeq	PCR	METAGENOMIC	BIOMES1094	21	15	ERR2015270	ERS1798651	ERS1798651	SAMEA104139633 ERS1798651	BIOMES1094	2016-04-16	Soil	0.1	-128.129722	metagenome	Illumina MiSeq2500 250bp-PE	PRJEB21491	UNIVERSITY OF BRITISH COLUMBIA	public	sra	ncbi	ERC000022	UNIVERSITY OF BRITISH COLUMBIA	UNIVERSITY OF BRITISH COLUMBIA	public	PAIRED	2018-01-02	soil metagenome	ILLUMINA	2018-01-02	ERP023747	Bog Forest	Forest soil	Canada	25	51.652222	BIOMES	soil
BIOMES1095	AMPLICON	500	SAMEA104139634	TSN2-S6-25cm-04/16/16-DNA	ERX2074853	2018-01-01T17:02:34Z	2017-06-23T18:25:39Z	250	Illumina MiSeq	PCR	METAGENOMIC	BIOMES1095	10	7	ERR2015271	ERS1798652	ERS1798652	SAMEA104139634 ERS1798652	BIOMES1095	2016-04-16	Soil	0.25	-128.129722	metagenome	Illumina MiSeq2500 250bp-PE	PRJEB21491	UNIVERSITY OF BRITISH COLUMBIA	public	sra	ncbi	ERC000022	UNIVERSITY OF BRITISH COLUMBIA	UNIVERSITY OF BRITISH COLUMBIA	public	PAIRED	2018-01-02	soil metagenome	ILLUMINA	2018-01-02	ERP023747	Bog Forest	Forest soil	Canada	25	51.652222	BIOMES	soil
BIOMES1096	AMPLICON	500	SAMEA104139635	TSN2-S6-40cm-04/16/16-DNA	ERX2074854	2018-01-01T17:02:34Z	2017-06-23T18:25:39Z	250	Illumina MiSeq	PCR	METAGENOMIC	BIOMES1096	6	4	ERR2015272	ERS1798653	ERS1798653	SAMEA104139635 ERS1798653	BIOMES1096	2016-04-16	Soil	0.4	-128.129722	metagenome	Illumina MiSeq2500 250bp-PE	PRJEB21491	UNIVERSITY OF BRITISH COLUMBIA	public	sra	ncbi	ERC000022	UNIVERSITY OF BRITISH COLUMBIA	UNIVERSITY OF BRITISH COLUMBIA	public	PAIRED	2018-01-02	soil metagenome	ILLUMINA	2018-01-02	ERP023747	Bog Forest	Forest soil	Canada	25	51.652222	BIOMES	soil
BIOMES1097	AMPLICON	500	SAMEA104139636	TSN2-S8-10cm-04/16/16-DNA	ERX2074855	2018-01-01T17:02:34Z	2017-06-23T18:25:39Z	250	Illumina MiSeq	PCR	METAGENOMIC	BIOMES1097	11	7	ERR2015273	ERS1798654	ERS1798654	SAMEA104139636 ERS1798654	BIOMES1097	2016-04-16	Soil	0.1	-128.129722	metagenome	Illumina MiSeq2500 250bp-PE	PRJEB21491	UNIVERSITY OF BRITISH COLUMBIA	public	sra	ncbi	ERC000022	UNIVERSITY OF BRITISH COLUMBIA	UNIVERSITY OF BRITISH COLUMBIA	public	PAIRED	2018-01-02	soil metagenome	ILLUMINA	2018-01-02	ERP023747	Bog Forest	Forest soil	Canada	25	51.652222	BIOMES	soil
BIOMES1098	AMPLICON	500	SAMEA104139637	TSN2-S8-25cm-04/16/16-DNA	ERX2074856	2018-01-01T17:02:34Z	2017-06-23T18:25:39Z	250	Illumina MiSeq	PCR	METAGENOMIC	BIOMES1098	7	5	ERR2015274	ERS1798655	ERS1798655	SAMEA104139637 ERS1798655	BIOMES1098	2016-04-16	Soil	0.25	-128.129722	metagenome	Illumina MiSeq2500 250bp-PE	PRJEB21491	UNIVERSITY OF BRITISH COLUMBIA	public	sra	ncbi	ERC000022	UNIVERSITY OF BRITISH COLUMBIA	UNIVERSITY OF BRITISH COLUMBIA	public	PAIRED	2018-01-02	soil metagenome	ILLUMINA	2018-01-02	ERP023747	Bog Forest	Forest soil	Canada	25	51.652222	BIOMES	soil
BIOMES1099	AMPLICON	500	SAMEA104139638	TSN2-S8-40cm-04/16/16-DNA	ERX2074857	2018-01-01T17:02:34Z	2017-06-23T18:25:39Z	250	Illumina MiSeq	PCR	METAGENOMIC	BIOMES1099	8	6	ERR2015275	ERS1798656	ERS1798656	SAMEA104139638 ERS1798656	BIOMES1099	2016-04-16	Soil	0.4	-128.129722	metagenome	Illumina MiSeq2500 250bp-PE	PRJEB21491	UNIVERSITY OF BRITISH COLUMBIA	public	sra	ncbi	ERC000022	UNIVERSITY OF BRITISH COLUMBIA	UNIVERSITY OF BRITISH COLUMBIA	public	PAIRED	2018-01-02	soil metagenome	ILLUMINA	2018-01-02	ERP023747	Bog Forest	Forest soil	Canada	25	51.652222	BIOMES	soil
BIOMES1100	AMPLICON	500	SAMEA104139639	TSN3-S6-10cm-04/16/16-DNA	ERX2074858	2018-01-01T17:02:34Z	2017-06-23T18:25:39Z	250	Illumina MiSeq	PCR	METAGENOMIC	BIOMES1100	11	8	ERR2015276	ERS1798657	ERS1798657	SAMEA104139639 ERS1798657	BIOMES1100	2016-04-16	Soil	0.1	-128.129722	metagenome	Illumina MiSeq2500 250bp-PE	PRJEB21491	UNIVERSITY OF BRITISH COLUMBIA	public	sra	ncbi	ERC000022	UNIVERSITY OF BRITISH COLUMBIA	UNIVERSITY OF BRITISH COLUMBIA	public	PAIRED	2018-01-02	soil metagenome	ILLUMINA	2018-01-02	ERP023747	Bog Forest	Forest soil	Canada	25	51.652222	BIOMES	soil
BIOMES1101	AMPLICON	500	SAMEA104139640	TSN3-S6-20cm-04/16/16-DNA	ERX2074859	2018-01-01T17:02:34Z	2017-06-23T18:25:39Z	250	Illumina MiSeq	PCR	METAGENOMIC	BIOMES1101	25	18	ERR2015277	ERS1798658	ERS1798658	SAMEA104139640 ERS1798658	BIOMES1101	2016-04-16	Soil	0.2	-128.129722	metagenome	Illumina MiSeq2500 250bp-PE	PRJEB21491	UNIVERSITY OF BRITISH COLUMBIA	public	sra	ncbi	ERC000022	UNIVERSITY OF BRITISH COLUMBIA	UNIVERSITY OF BRITISH COLUMBIA	public	PAIRED	2018-01-02	soil metagenome	ILLUMINA	2018-01-02	ERP023747	Bog Forest	Forest soil	Canada	25	51.652222	BIOMES	soil
BIOMES1102	AMPLICON	500	SAMEA104139641	TSN3-S6-30cm-04/16/16-DNA	ERX2074860	2018-01-01T17:02:34Z	2017-06-23T18:25:39Z	250	Illumina MiSeq	PCR	METAGENOMIC	BIOMES1102	6	4	ERR2015278	ERS1798659	ERS1798659	SAMEA104139641 ERS1798659	BIOMES1102	2016-04-16	Soil	0.3	-128.129722	metagenome	Illumina MiSeq2500 250bp-PE	PRJEB21491	UNIVERSITY OF BRITISH COLUMBIA	public	sra	ncbi	ERC000022	UNIVERSITY OF BRITISH COLUMBIA	UNIVERSITY OF BRITISH COLUMBIA	public	PAIRED	2018-01-02	soil metagenome	ILLUMINA	2018-01-02	ERP023747	Bog Forest	Forest soil	Canada	25	51.652222	BIOMES	soil
BIOMES1103	AMPLICON	500	SAMEA104139642	TSN3-S7-10cm-04/16/16-DNA	ERX2074861	2018-01-01T17:02:34Z	2017-06-23T18:25:39Z	250	Illumina MiSeq	PCR	METAGENOMIC	BIOMES1103	7	5	ERR2015279	ERS1798660	ERS1798660	SAMEA104139642 ERS1798660	BIOMES1103	2016-04-16	Soil	0.1	-128.129722	metagenome	Illumina MiSeq2500 250bp-PE	PRJEB21491	UNIVERSITY OF BRITISH COLUMBIA	public	sra	ncbi	ERC000022	UNIVERSITY OF BRITISH COLUMBIA	UNIVERSITY OF BRITISH COLUMBIA	public	PAIRED	2018-01-02	soil metagenome	ILLUMINA	2018-01-02	ERP023747	Bog Forest	Forest soil	Canada	25	51.652222	BIOMES	soil
BIOMES1104	AMPLICON	500	SAMEA104139643	TSN3-S7-20cm-04/16/16-DNA	ERX2074862	2018-01-01T17:02:34Z	2017-06-23T18:25:39Z	250	Illumina MiSeq	PCR	METAGENOMIC	BIOMES1104	19	14	ERR2015280	ERS1798661	ERS1798661	SAMEA104139643 ERS1798661	BIOMES1104	2016-04-16	Soil	0.2	-128.129722	metagenome	Illumina MiSeq2500 250bp-PE	PRJEB21491	UNIVERSITY OF BRITISH COLUMBIA	public	sra	ncbi	ERC000022	UNIVERSITY OF BRITISH COLUMBIA	UNIVERSITY OF BRITISH COLUMBIA	public	PAIRED	2018-01-02	soil metagenome	ILLUMINA	2018-01-02	ERP023747	Bog Forest	Forest soil	Canada	25	51.652222	BIOMES	soil
BIOMES1106	AMPLICON	500	SAMEA104139644	TSN3-S8-10cm-04/16/16-DNA	ERX2074863	2018-01-01T17:02:34Z	2017-06-23T18:25:39Z	250	Illumina MiSeq	PCR	METAGENOMIC	BIOMES1106	9	7	ERR2015281	ERS1798662	ERS1798662	SAMEA104139644 ERS1798662	BIOMES1106	2016-04-16	Soil	0.1	-128.129722	metagenome	Illumina MiSeq2500 250bp-PE	PRJEB21491	UNIVERSITY OF BRITISH COLUMBIA	public	sra	ncbi	ERC000022	UNIVERSITY OF BRITISH COLUMBIA	UNIVERSITY OF BRITISH COLUMBIA	public	PAIRED	2018-01-02	soil metagenome	ILLUMINA	2018-01-02	ERP023747	Bog Forest	Forest soil	Canada	25	51.652222	BIOMES	soil
BIOMES1107	AMPLICON	500	SAMEA104139645	TSN3-S8-20cm-04/16/16-DNA	ERX2074864	2018-01-01T17:02:34Z	2017-06-23T18:25:39Z	250	Illumina MiSeq	PCR	METAGENOMIC	BIOMES1107	6	4	ERR2015282	ERS1798663	ERS1798663	SAMEA104139645 ERS1798663	BIOMES1107	2016-04-16	Soil	0.2	-128.129722	metagenome	Illumina MiSeq2500 250bp-PE	PRJEB21491	UNIVERSITY OF BRITISH COLUMBIA	public	sra	ncbi	ERC000022	UNIVERSITY OF BRITISH COLUMBIA	UNIVERSITY OF BRITISH COLUMBIA	public	PAIRED	2018-01-02	soil metagenome	ILLUMINA	2018-01-02	ERP023747	Bog Forest	Forest soil	Canada	25	51.652222	BIOMES	soil
BIOMES1108	AMPLICON	500	SAMEA104139646	TSN3-S8-30cm-04/16/16-DNA	ERX2074865	2018-01-01T17:02:34Z	2017-06-23T18:25:39Z	250	Illumina MiSeq	PCR	METAGENOMIC	BIOMES1108	9	6	ERR2015283	ERS1798664	ERS1798664	SAMEA104139646 ERS1798664	BIOMES1108	2016-04-16	Soil	0.3	-128.129722	metagenome	Illumina MiSeq2500 250bp-PE	PRJEB21491	UNIVERSITY OF BRITISH COLUMBIA	public	sra	ncbi	ERC000022	UNIVERSITY OF BRITISH COLUMBIA	UNIVERSITY OF BRITISH COLUMBIA	public	PAIRED	2018-01-02	soil metagenome	ILLUMINA	2018-01-02	ERP023747	Bog Forest	Forest soil	Canada	25	51.652222	BIOMES	soil
BIOMES1118	AMPLICON	500	SAMEA104139647	TSN1-S1-10cm-02/26/16-DNA	ERX2074866	2018-01-01T17:02:34Z	2017-06-23T18:25:39Z	250	Illumina MiSeq	PCR	METAGENOMIC	BIOMES1118	7	5	ERR2015284	ERS1798665	ERS1798665	SAMEA104139647 ERS1798665	BIOMES1118	2016-02-26	Soil	0.1	-128.129722	metagenome	Illumina MiSeq2500 250bp-PE	PRJEB21491	UNIVERSITY OF BRITISH COLUMBIA	public	sra	ncbi	ERC000022	UNIVERSITY OF BRITISH COLUMBIA	UNIVERSITY OF BRITISH COLUMBIA	public	PAIRED	2018-01-02	soil metagenome	ILLUMINA	2018-01-02	ERP023747	Bog Forest	Forest soil	Canada	25	51.652222	BIOMES	soil
BIOMES1119	AMPLICON	500	SAMEA104139648	TSN1-S1-20cm-02/26/16-DNA	ERX2074867	2018-01-01T17:02:34Z	2017-06-23T18:25:39Z	250	Illumina MiSeq	PCR	METAGENOMIC	BIOMES1119	9	6	ERR2015285	ERS1798666	ERS1798666	SAMEA104139648 ERS1798666	BIOMES1119	2016-02-26	Soil	0.2	-128.129722	metagenome	Illumina MiSeq2500 250bp-PE	PRJEB21491	UNIVERSITY OF BRITISH COLUMBIA	public	sra	ncbi	ERC000022	UNIVERSITY OF BRITISH COLUMBIA	UNIVERSITY OF BRITISH COLUMBIA	public	PAIRED	2018-01-02	soil metagenome	ILLUMINA	2018-01-02	ERP023747	Bog Forest	Forest soil	Canada	25	51.652222	BIOMES	soil
BIOMES1120	AMPLICON	500	SAMEA104139649	TSN1-S1-30cm-02/26/16-DNA	ERX2074868	2018-01-01T17:02:34Z	2017-06-23T18:25:39Z	250	Illumina MiSeq	PCR	METAGENOMIC	BIOMES1120	9	6	ERR2015286	ERS1798667	ERS1798667	SAMEA104139649 ERS1798667	BIOMES1120	2016-02-26	Soil	0.3	-128.129722	metagenome	Illumina MiSeq2500 250bp-PE	PRJEB21491	UNIVERSITY OF BRITISH COLUMBIA	public	sra	ncbi	ERC000022	UNIVERSITY OF BRITISH COLUMBIA	UNIVERSITY OF BRITISH COLUMBIA	public	PAIRED	2018-01-02	soil metagenome	ILLUMINA	2018-01-02	ERP023747	Bog Forest	Forest soil	Canada	25	51.652222	BIOMES	soil
BIOMES1121	AMPLICON	500	SAMEA104139650	TSN1-S2-10cm-02/26/16-DNA	ERX2074869	2018-01-01T17:02:34Z	2017-06-23T18:25:39Z	250	Illumina MiSeq	PCR	METAGENOMIC	BIOMES1121	7	5	ERR2015287	ERS1798668	ERS1798668	SAMEA104139650 ERS1798668	BIOMES1121	2016-02-26	Soil	0.1	-128.129722	metagenome	Illumina MiSeq2500 250bp-PE	PRJEB21491	UNIVERSITY OF BRITISH COLUMBIA	public	sra	ncbi	ERC000022	UNIVERSITY OF BRITISH COLUMBIA	UNIVERSITY OF BRITISH COLUMBIA	public	PAIRED	2018-01-02	soil metagenome	ILLUMINA	2018-01-02	ERP023747	Bog Forest	Forest soil	Canada	25	51.652222	BIOMES	soil
BIOMES1122	AMPLICON	500	SAMEA104139651	TSN1-S2-20cm-02/26/16-DNA	ERX2074870	2018-01-01T17:02:34Z	2017-06-23T18:25:39Z	250	Illumina MiSeq	PCR	METAGENOMIC	BIOMES1122	10	7	ERR2015288	ERS1798669	ERS1798669	SAMEA104139651 ERS1798669	BIOMES1122	2016-02-26	Soil	0.2	-128.129722	metagenome	Illumina MiSeq2500 250bp-PE	PRJEB21491	UNIVERSITY OF BRITISH COLUMBIA	public	sra	ncbi	ERC000022	UNIVERSITY OF BRITISH COLUMBIA	UNIVERSITY OF BRITISH COLUMBIA	public	PAIRED	2018-01-02	soil metagenome	ILLUMINA	2018-01-02	ERP023747	Bog Forest	Forest soil	Canada	25	51.652222	BIOMES	soil
BIOMES1123	AMPLICON	500	SAMEA104139652	TSN4-S1-10cm-02/26/16-DNA	ERX2074871	2018-01-01T17:02:34Z	2017-06-23T18:25:39Z	250	Illumina MiSeq	PCR	METAGENOMIC	BIOMES1123	16	11	ERR2015289	ERS1798670	ERS1798670	SAMEA104139652 ERS1798670	BIOMES1123	2016-02-26	Soil	0.1	-128.129722	metagenome	Illumina MiSeq2500 250bp-PE	PRJEB21491	UNIVERSITY OF BRITISH COLUMBIA	public	sra	ncbi	ERC000022	UNIVERSITY OF BRITISH COLUMBIA	UNIVERSITY OF BRITISH COLUMBIA	public	PAIRED	2018-01-02	soil metagenome	ILLUMINA	2018-01-02	ERP023747	Bog Forest	Forest soil	Canada	25	51.652222	BIOMES	soil
BIOMES1124	AMPLICON	500	SAMEA104139653	TSN4-S1-20cm-02/26/16-DNA	ERX2074872	2018-01-01T17:02:35Z	2017-06-23T18:25:39Z	250	Illumina MiSeq	PCR	METAGENOMIC	BIOMES1124	9	6	ERR2015290	ERS1798671	ERS1798671	SAMEA104139653 ERS1798671	BIOMES1124	2016-02-26	Soil	0.2	-128.129722	metagenome	Illumina MiSeq2500 250bp-PE	PRJEB21491	UNIVERSITY OF BRITISH COLUMBIA	public	sra	ncbi	ERC000022	UNIVERSITY OF BRITISH COLUMBIA	UNIVERSITY OF BRITISH COLUMBIA	public	PAIRED	2018-01-02	soil metagenome	ILLUMINA	2018-01-02	ERP023747	Bog Forest	Forest soil	Canada	25	51.652222	BIOMES	soil
BIOMES1125	AMPLICON	500	SAMEA104139654	TSN4-S2-10cm-02/26/16-DNA	ERX2074873	2018-01-01T17:02:35Z	2017-06-23T18:25:39Z	250	Illumina MiSeq	PCR	METAGENOMIC	BIOMES1125	21	15	ERR2015291	ERS1798672	ERS1798672	SAMEA104139654 ERS1798672	BIOMES1125	2016-02-26	Soil	0.1	-128.129722	metagenome	Illumina MiSeq2500 250bp-PE	PRJEB21491	UNIVERSITY OF BRITISH COLUMBIA	public	sra	ncbi	ERC000022	UNIVERSITY OF BRITISH COLUMBIA	UNIVERSITY OF BRITISH COLUMBIA	public	PAIRED	2018-01-02	soil metagenome	ILLUMINA	2018-01-02	ERP023747	Bog Forest	Forest soil	Canada	25	51.652222	BIOMES	soil
BIOMES1126	AMPLICON	500	SAMEA104139655	TSN4-S2-20cm-02/26/16-DNA	ERX2074874	2018-01-01T17:02:35Z	2017-06-23T18:25:39Z	250	Illumina MiSeq	PCR	METAGENOMIC	BIOMES1126	12	9	ERR2015292	ERS1798673	ERS1798673	SAMEA104139655 ERS1798673	BIOMES1126	2016-02-26	Soil	0.2	-128.129722	metagenome	Illumina MiSeq2500 250bp-PE	PRJEB21491	UNIVERSITY OF BRITISH COLUMBIA	public	sra	ncbi	ERC000022	UNIVERSITY OF BRITISH COLUMBIA	UNIVERSITY OF BRITISH COLUMBIA	public	PAIRED	2018-01-02	soil metagenome	ILLUMINA	2018-01-02	ERP023747	Bog Forest	Forest soil	Canada	25	51.652222	BIOMES	soil
BIOMES1127	AMPLICON	500	SAMEA104139656	TSN1-S1-10cm-04/16/16-DNA	ERX2074875	2018-01-01T17:02:35Z	2017-06-23T18:25:39Z	250	Illumina MiSeq	PCR	METAGENOMIC	BIOMES1127	10	7	ERR2015293	ERS1798674	ERS1798674	SAMEA104139656 ERS1798674	BIOMES1127	2016-04-16	Soil	0.1	-128.129722	metagenome	Illumina MiSeq2500 250bp-PE	PRJEB21491	UNIVERSITY OF BRITISH COLUMBIA	public	sra	ncbi	ERC000022	UNIVERSITY OF BRITISH COLUMBIA	UNIVERSITY OF BRITISH COLUMBIA	public	PAIRED	2018-01-02	soil metagenome	ILLUMINA	2018-01-02	ERP023747	Bog Forest	Forest soil	Canada	25	51.652222	BIOMES	soil
BIOMES1129	AMPLICON	500	SAMEA104139657	TSN1-S2-10cm-04/16/16-DNA	ERX2074876	2018-01-01T17:02:35Z	2017-06-23T18:25:39Z	250	Illumina MiSeq	PCR	METAGENOMIC	BIOMES1129	10	7	ERR2015294	ERS1798675	ERS1798675	SAMEA104139657 ERS1798675	BIOMES1129	2016-04-16	Soil	0.1	-128.129722	metagenome	Illumina MiSeq2500 250bp-PE	PRJEB21491	UNIVERSITY OF BRITISH COLUMBIA	public	sra	ncbi	ERC000022	UNIVERSITY OF BRITISH COLUMBIA	UNIVERSITY OF BRITISH COLUMBIA	public	PAIRED	2018-01-02	soil metagenome	ILLUMINA	2018-01-02	ERP023747	Bog Forest	Forest soil	Canada	25	51.652222	BIOMES	soil
BIOMES1130	AMPLICON	500	SAMEA104139658	TSN1-S2-20cm-04/16/16-DNA	ERX2074877	2018-01-01T17:02:35Z	2017-06-23T18:25:39Z	250	Illumina MiSeq	PCR	METAGENOMIC	BIOMES1130	15	10	ERR2015295	ERS1798676	ERS1798676	SAMEA104139658 ERS1798676	BIOMES1130	2016-04-16	Soil	0.2	-128.129722	metagenome	Illumina MiSeq2500 250bp-PE	PRJEB21491	UNIVERSITY OF BRITISH COLUMBIA	public	sra	ncbi	ERC000022	UNIVERSITY OF BRITISH COLUMBIA	UNIVERSITY OF BRITISH COLUMBIA	public	PAIRED	2018-01-02	soil metagenome	ILLUMINA	2018-01-02	ERP023747	Bog Forest	Forest soil	Canada	25	51.652222	BIOMES	soil
BIOMES1131	AMPLICON	500	SAMEA104139659	TSN1-S2-30cm-04/16/16-DNA	ERX2074878	2018-01-01T17:02:35Z	2017-06-23T18:25:39Z	250	Illumina MiSeq	PCR	METAGENOMIC	BIOMES1131	8	5	ERR2015296	ERS1798677	ERS1798677	SAMEA104139659 ERS1798677	BIOMES1131	2016-04-16	Soil	0.3	-128.129722	metagenome	Illumina MiSeq2500 250bp-PE	PRJEB21491	UNIVERSITY OF BRITISH COLUMBIA	public	sra	ncbi	ERC000022	UNIVERSITY OF BRITISH COLUMBIA	UNIVERSITY OF BRITISH COLUMBIA	public	PAIRED	2018-01-02	soil metagenome	ILLUMINA	2018-01-02	ERP023747	Bog Forest	Forest soil	Canada	25	51.652222	BIOMES	soil
BIOMES1133	AMPLICON	500	SAMEA104139660	TSN4-S1-20cm-04/16/16-DNA	ERX2074879	2018-01-01T17:02:35Z	2017-06-23T18:25:39Z	250	Illumina MiSeq	PCR	METAGENOMIC	BIOMES1133	14	10	ERR2015297	ERS1798678	ERS1798678	SAMEA104139660 ERS1798678	BIOMES1133	2016-04-16	Soil	0.2	-128.129722	metagenome	Illumina MiSeq2500 250bp-PE	PRJEB21491	UNIVERSITY OF BRITISH COLUMBIA	public	sra	ncbi	ERC000022	UNIVERSITY OF BRITISH COLUMBIA	UNIVERSITY OF BRITISH COLUMBIA	public	PAIRED	2018-01-02	soil metagenome	ILLUMINA	2018-01-02	ERP023747	Bog Forest	Forest soil	Canada	25	51.652222	BIOMES	soil
BIOMES1134	AMPLICON	500	SAMEA104139661	TSN4-S1-30cm-04/16/16-DNA	ERX2074880	2018-01-01T17:02:35Z	2017-06-23T18:25:39Z	250	Illumina MiSeq	PCR	METAGENOMIC	BIOMES1134	17	12	ERR2015298	ERS1798679	ERS1798679	SAMEA104139661 ERS1798679	BIOMES1134	2016-04-16	Soil	0.3	-128.129722	metagenome	Illumina MiSeq2500 250bp-PE	PRJEB21491	UNIVERSITY OF BRITISH COLUMBIA	public	sra	ncbi	ERC000022	UNIVERSITY OF BRITISH COLUMBIA	UNIVERSITY OF BRITISH COLUMBIA	public	PAIRED	2018-01-02	soil metagenome	ILLUMINA	2018-01-02	ERP023747	Bog Forest	Forest soil	Canada	25	51.652222	BIOMES	soil
BIOMES1135	AMPLICON	500	SAMEA104139662	TSN4-S2-10cm-04/16/16-DNA	ERX2074881	2018-01-01T17:02:35Z	2017-06-23T18:25:39Z	250	Illumina MiSeq	PCR	METAGENOMIC	BIOMES1135	8	5	ERR2015299	ERS1798680	ERS1798680	SAMEA104139662 ERS1798680	BIOMES1135	2016-04-16	Soil	0.1	-128.129722	metagenome	Illumina MiSeq2500 250bp-PE	PRJEB21491	UNIVERSITY OF BRITISH COLUMBIA	public	sra	ncbi	ERC000022	UNIVERSITY OF BRITISH COLUMBIA	UNIVERSITY OF BRITISH COLUMBIA	public	PAIRED	2018-01-02	soil metagenome	ILLUMINA	2018-01-02	ERP023747	Bog Forest	Forest soil	Canada	25	51.652222	BIOMES	soil
BIOMES1136	AMPLICON	500	SAMEA104139663	TSN4-S2-20cm-04/16/16-DNA	ERX2074882	2018-01-01T17:02:35Z	2017-06-23T18:25:39Z	250	Illumina MiSeq	PCR	METAGENOMIC	BIOMES1136	11	7	ERR2015300	ERS1798681	ERS1798681	SAMEA104139663 ERS1798681	BIOMES1136	2016-04-16	Soil	0.2	-128.129722	metagenome	Illumina MiSeq2500 250bp-PE	PRJEB21491	UNIVERSITY OF BRITISH COLUMBIA	public	sra	ncbi	ERC000022	UNIVERSITY OF BRITISH COLUMBIA	UNIVERSITY OF BRITISH COLUMBIA	public	PAIRED	2018-01-02	soil metagenome	ILLUMINA	2018-01-02	ERP023747	Bog Forest	Forest soil	Canada	25	51.652222	BIOMES	soil
BIOMES1137	AMPLICON	500	SAMEA104139664	TSN4-S2-30cm-04/16/16-DNA	ERX2074883	2018-01-01T17:02:35Z	2017-06-23T18:25:39Z	250	Illumina MiSeq	PCR	METAGENOMIC	BIOMES1137	21	15	ERR2015301	ERS1798682	ERS1798682	SAMEA104139664 ERS1798682	BIOMES1137	2016-04-16	Soil	0.3	-128.129722	metagenome	Illumina MiSeq2500 250bp-PE	PRJEB21491	UNIVERSITY OF BRITISH COLUMBIA	public	sra	ncbi	ERC000022	UNIVERSITY OF BRITISH COLUMBIA	UNIVERSITY OF BRITISH COLUMBIA	public	PAIRED	2018-01-02	soil metagenome	ILLUMINA	2018-01-02	ERP023747	Bog Forest	Forest soil	Canada	25	51.652222	BIOMES	soil
BIOMES1138	AMPLICON	500	SAMEA104139665	TSN4-S3-10cm-04/16/16-DNA	ERX2074884	2018-01-01T17:02:35Z	2017-06-23T18:25:39Z	250	Illumina MiSeq	PCR	METAGENOMIC	BIOMES1138	12	8	ERR2015302	ERS1798683	ERS1798683	SAMEA104139665 ERS1798683	BIOMES1138	2016-04-16	Soil	0.1	-128.129722	metagenome	Illumina MiSeq2500 250bp-PE	PRJEB21491	UNIVERSITY OF BRITISH COLUMBIA	public	sra	ncbi	ERC000022	UNIVERSITY OF BRITISH COLUMBIA	UNIVERSITY OF BRITISH COLUMBIA	public	PAIRED	2018-01-02	soil metagenome	ILLUMINA	2018-01-02	ERP023747	Bog Forest	Forest soil	Canada	25	51.652222	BIOMES	soil
BIOMES1139	AMPLICON	500	SAMEA104139666	TSN4-S3-20cm-04/16/16-DNA	ERX2074885	2018-01-01T17:02:35Z	2017-06-23T18:25:39Z	250	Illumina MiSeq	PCR	METAGENOMIC	BIOMES1139	36	25	ERR2015303	ERS1798684	ERS1798684	SAMEA104139666 ERS1798684	BIOMES1139	2016-04-16	Soil	0.2	-128.129722	metagenome	Illumina MiSeq2500 250bp-PE	PRJEB21491	UNIVERSITY OF BRITISH COLUMBIA	public	sra	ncbi	ERC000022	UNIVERSITY OF BRITISH COLUMBIA	UNIVERSITY OF BRITISH COLUMBIA	public	PAIRED	2018-01-02	soil metagenome	ILLUMINA	2018-01-02	ERP023747	Bog Forest	Forest soil	Canada	25	51.652222	BIOMES	soil
BIOMES1140	AMPLICON	500	SAMEA104139667	TSN4-S3-30cm-04/16/16-DNA	ERX2074886	2018-01-01T17:02:35Z	2017-06-23T18:25:39Z	250	Illumina MiSeq	PCR	METAGENOMIC	BIOMES1140	14	10	ERR2015304	ERS1798685	ERS1798685	SAMEA104139667 ERS1798685	BIOMES1140	2016-04-16	Soil	0.3	-128.129722	metagenome	Illumina MiSeq2500 250bp-PE	PRJEB21491	UNIVERSITY OF BRITISH COLUMBIA	public	sra	ncbi	ERC000022	UNIVERSITY OF BRITISH COLUMBIA	UNIVERSITY OF BRITISH COLUMBIA	public	PAIRED	2018-01-02	soil metagenome	ILLUMINA	2018-01-02	ERP023747	Bog Forest	Forest soil	Canada	25	51.652222	BIOMES	soil
BIOMES1141	AMPLICON	500	SAMEA104139668	WS819-BF-S1-10cm-04/16/16-DNA	ERX2074887	2018-01-01T17:02:35Z	2017-06-23T18:25:39Z	250	Illumina MiSeq	PCR	METAGENOMIC	BIOMES1141	14	10	ERR2015305	ERS1798686	ERS1798686	SAMEA104139668 ERS1798686	BIOMES1141	2016-04-16	Soil	0.1	-128.129722	metagenome	Illumina MiSeq2500 250bp-PE	PRJEB21491	UNIVERSITY OF BRITISH COLUMBIA	public	sra	ncbi	ERC000022	UNIVERSITY OF BRITISH COLUMBIA	UNIVERSITY OF BRITISH COLUMBIA	public	PAIRED	2018-01-02	soil metagenome	ILLUMINA	2018-01-02	ERP023747	Bog Forest	Forest soil	Canada	25	51.652222	BIOMES	soil
BIOMES1142	AMPLICON	500	SAMEA104139669	WS819-BF-S1-20cm-04/16/16-DNA	ERX2074888	2018-01-01T17:02:35Z	2017-06-23T18:25:39Z	250	Illumina MiSeq	PCR	METAGENOMIC	BIOMES1142	15	11	ERR2015306	ERS1798687	ERS1798687	SAMEA104139669 ERS1798687	BIOMES1142	2016-04-16	Soil	0.2	-128.129722	metagenome	Illumina MiSeq2500 250bp-PE	PRJEB21491	UNIVERSITY OF BRITISH COLUMBIA	public	sra	ncbi	ERC000022	UNIVERSITY OF BRITISH COLUMBIA	UNIVERSITY OF BRITISH COLUMBIA	public	PAIRED	2018-01-02	soil metagenome	ILLUMINA	2018-01-02	ERP023747	Bog Forest	Forest soil	Canada	25	51.652222	BIOMES	soil
BIOMES1143	AMPLICON	500	SAMEA104139670	WS819-BF-S2-10cm-04/16/16-DNA	ERX2074889	2018-01-01T17:02:35Z	2017-06-23T18:25:39Z	250	Illumina MiSeq	PCR	METAGENOMIC	BIOMES1143	9	7	ERR2015307	ERS1798688	ERS1798688	SAMEA104139670 ERS1798688	BIOMES1143	2016-04-16	Soil	0.1	-128.129722	metagenome	Illumina MiSeq2500 250bp-PE	PRJEB21491	UNIVERSITY OF BRITISH COLUMBIA	public	sra	ncbi	ERC000022	UNIVERSITY OF BRITISH COLUMBIA	UNIVERSITY OF BRITISH COLUMBIA	public	PAIRED	2018-01-02	soil metagenome	ILLUMINA	2018-01-02	ERP023747	Bog Forest	Forest soil	Canada	25	51.652222	BIOMES	soil
BIOMES1144	AMPLICON	500	SAMEA104139671	WS819-BF-S2-20cm-04/16/16-DNA	ERX2074890	2018-01-01T17:02:35Z	2017-06-23T18:25:40Z	250	Illumina MiSeq	PCR	METAGENOMIC	BIOMES1144	8	6	ERR2015308	ERS1798689	ERS1798689	SAMEA104139671 ERS1798689	BIOMES1144	2016-04-16	Soil	0.2	-128.129722	metagenome	Illumina MiSeq2500 250bp-PE	PRJEB21491	UNIVERSITY OF BRITISH COLUMBIA	public	sra	ncbi	ERC000022	UNIVERSITY OF BRITISH COLUMBIA	UNIVERSITY OF BRITISH COLUMBIA	public	PAIRED	2018-01-02	soil metagenome	ILLUMINA	2018-01-02	ERP023747	Bog Forest	Forest soil	Canada	25	51.652222	BIOMES	soil
BIOMES1145	AMPLICON	500	SAMEA104139672	WS819-BF-S3-10cm-04/16/16-DNA	ERX2074891	2018-01-01T17:02:35Z	2017-06-23T18:25:40Z	250	Illumina MiSeq	PCR	METAGENOMIC	BIOMES1145	9	6	ERR2015309	ERS1798690	ERS1798690	SAMEA104139672 ERS1798690	BIOMES1145	2016-04-16	Soil	0.1	-128.129722	metagenome	Illumina MiSeq2500 250bp-PE	PRJEB21491	UNIVERSITY OF BRITISH COLUMBIA	public	sra	ncbi	ERC000022	UNIVERSITY OF BRITISH COLUMBIA	UNIVERSITY OF BRITISH COLUMBIA	public	PAIRED	2018-01-02	soil metagenome	ILLUMINA	2018-01-02	ERP023747	Bog Forest	Forest soil	Canada	25	51.652222	BIOMES	soil
BIOMES1146	AMPLICON	500	SAMEA104139673	WS819-BF-S3-20cm-04/16/16-DNA	ERX2074892	2018-01-01T17:02:35Z	2017-06-23T18:25:40Z	250	Illumina MiSeq	PCR	METAGENOMIC	BIOMES1146	9	6	ERR2015310	ERS1798691	ERS1798691	SAMEA104139673 ERS1798691	BIOMES1146	2016-04-16	Soil	0.2	-128.129722	metagenome	Illumina MiSeq2500 250bp-PE	PRJEB21491	UNIVERSITY OF BRITISH COLUMBIA	public	sra	ncbi	ERC000022	UNIVERSITY OF BRITISH COLUMBIA	UNIVERSITY OF BRITISH COLUMBIA	public	PAIRED	2018-01-02	soil metagenome	ILLUMINA	2018-01-02	ERP023747	Bog Forest	Forest soil	Canada	25	51.652222	BIOMES	soil
BIOMES1147	AMPLICON	500	SAMEA104139674	WS819-BF-S3-30cm-04/16/16-DNA	ERX2074893	2018-01-01T17:02:35Z	2017-06-23T18:25:40Z	250	Illumina MiSeq	PCR	METAGENOMIC	BIOMES1147	11	8	ERR2015311	ERS1798692	ERS1798692	SAMEA104139674 ERS1798692	BIOMES1147	2016-04-16	Soil	0.3	-128.129722	metagenome	Illumina MiSeq2500 250bp-PE	PRJEB21491	UNIVERSITY OF BRITISH COLUMBIA	public	sra	ncbi	ERC000022	UNIVERSITY OF BRITISH COLUMBIA	UNIVERSITY OF BRITISH COLUMBIA	public	PAIRED	2018-01-02	soil metagenome	ILLUMINA	2018-01-02	ERP023747	Bog Forest	Forest soil	Canada	25	51.652222	BIOMES	soil
BIOMES1148	AMPLICON	500	SAMEA104139675	WS819-Bog-S1-10cm-04/16/16-DNA	ERX2074894	2018-01-01T17:02:35Z	2017-06-23T18:25:40Z	250	Illumina MiSeq	PCR	METAGENOMIC	BIOMES1148	8	5	ERR2015312	ERS1798693	ERS1798693	SAMEA104139675 ERS1798693	BIOMES1148	2016-04-16	Soil	0.1	-128.129722	metagenome	Illumina MiSeq2500 250bp-PE	PRJEB21491	UNIVERSITY OF BRITISH COLUMBIA	public	sra	ncbi	ERC000022	UNIVERSITY OF BRITISH COLUMBIA	UNIVERSITY OF BRITISH COLUMBIA	public	PAIRED	2018-01-02	soil metagenome	ILLUMINA	2018-01-02	ERP023747	Bog Forest	Forest soil	Canada	25	51.652222	BIOMES	soil
BIOMES1149	AMPLICON	500	SAMEA104139676	WS819-Bog-S1-20cm-04/16/16-DNA	ERX2074895	2018-01-01T17:02:35Z	2017-06-23T18:25:40Z	250	Illumina MiSeq	PCR	METAGENOMIC	BIOMES1149	16	11	ERR2015313	ERS1798694	ERS1798694	SAMEA104139676 ERS1798694	BIOMES1149	2016-04-16	Soil	0.2	-128.129722	metagenome	Illumina MiSeq2500 250bp-PE	PRJEB21491	UNIVERSITY OF BRITISH COLUMBIA	public	sra	ncbi	ERC000022	UNIVERSITY OF BRITISH COLUMBIA	UNIVERSITY OF BRITISH COLUMBIA	public	PAIRED	2018-01-02	soil metagenome	ILLUMINA	2018-01-02	ERP023747	Bog Forest	Forest soil	Canada	25	51.652222	BIOMES	soil
BIOMES1150	AMPLICON	500	SAMEA104139677	WS819-Bog-S2-10cm-04/16/16-DNA	ERX2074896	2018-01-01T17:02:35Z	2017-06-23T18:25:40Z	250	Illumina MiSeq	PCR	METAGENOMIC	BIOMES1150	7	5	ERR2015314	ERS1798695	ERS1798695	SAMEA104139677 ERS1798695	BIOMES1150	2016-04-16	Soil	0.1	-128.129722	metagenome	Illumina MiSeq2500 250bp-PE	PRJEB21491	UNIVERSITY OF BRITISH COLUMBIA	public	sra	ncbi	ERC000022	UNIVERSITY OF BRITISH COLUMBIA	UNIVERSITY OF BRITISH COLUMBIA	public	PAIRED	2018-01-02	soil metagenome	ILLUMINA	2018-01-02	ERP023747	Bog Forest	Forest soil	Canada	25	51.652222	BIOMES	soil
BIOMES1151	AMPLICON	500	SAMEA104139678	WS819-Bog-S2-20cm-04/16/16-DNA	ERX2074897	2018-01-01T17:02:35Z	2017-06-23T18:25:40Z	250	Illumina MiSeq	PCR	METAGENOMIC	BIOMES1151	10	7	ERR2015315	ERS1798696	ERS1798696	SAMEA104139678 ERS1798696	BIOMES1151	2016-04-16	Soil	0.2	-128.129722	metagenome	Illumina MiSeq2500 250bp-PE	PRJEB21491	UNIVERSITY OF BRITISH COLUMBIA	public	sra	ncbi	ERC000022	UNIVERSITY OF BRITISH COLUMBIA	UNIVERSITY OF BRITISH COLUMBIA	public	PAIRED	2018-01-02	soil metagenome	ILLUMINA	2018-01-02	ERP023747	Bog Forest	Forest soil	Canada	25	51.652222	BIOMES	soil
BIOMES1152	AMPLICON	500	SAMEA104139679	WS819-Bog-S3-10cm-04/16/16-DNA	ERX2074898	2018-01-01T17:02:35Z	2017-06-23T18:25:40Z	250	Illumina MiSeq	PCR	METAGENOMIC	BIOMES1152	8	6	ERR2015316	ERS1798697	ERS1798697	SAMEA104139679 ERS1798697	BIOMES1152	2016-04-16	Soil	0.1	-128.129722	metagenome	Illumina MiSeq2500 250bp-PE	PRJEB21491	UNIVERSITY OF BRITISH COLUMBIA	public	sra	ncbi	ERC000022	UNIVERSITY OF BRITISH COLUMBIA	UNIVERSITY OF BRITISH COLUMBIA	public	PAIRED	2018-01-02	soil metagenome	ILLUMINA	2018-01-02	ERP023747	Bog Forest	Forest soil	Canada	25	51.652222	BIOMES	soil
BIOMES1153	AMPLICON	500	SAMEA104139680	WS819-Bog-S3-20cm-04/16/16-DNA	ERX2074899	2018-01-01T17:02:35Z	2017-06-23T18:25:40Z	250	Illumina MiSeq	PCR	METAGENOMIC	BIOMES1153	11	8	ERR2015317	ERS1798698	ERS1798698	SAMEA104139680 ERS1798698	BIOMES1153	2016-04-16	Soil	0.2	-128.129722	metagenome	Illumina MiSeq2500 250bp-PE	PRJEB21491	UNIVERSITY OF BRITISH COLUMBIA	public	sra	ncbi	ERC000022	UNIVERSITY OF BRITISH COLUMBIA	UNIVERSITY OF BRITISH COLUMBIA	public	PAIRED	2018-01-02	soil metagenome	ILLUMINA	2018-01-02	ERP023747	Bog Forest	Forest soil	Canada	25	51.652222	BIOMES	soil
